[0.224s] DEBUG:colcon:Command line arguments: ['/usr/bin/colcon', 'build']
[0.224s] DEBUG:colcon:Parsed command line arguments: Namespace(log_base=None, log_level=None, verb_name='build', build_base='build', install_base='install', merge_install=False, symlink_install=False, test_result_base=None, continue_on_error=False, executor='parallel', parallel_workers=14, event_handlers=None, ignore_user_meta=False, metas=['./colcon.meta'], base_paths=['.'], packages_ignore=None, packages_ignore_regex=None, paths=None, packages_up_to=None, packages_up_to_regex=None, packages_above=None, packages_above_and_dependencies=None, packages_above_depth=None, packages_select_by_dep=None, packages_skip_by_dep=None, packages_skip_up_to=None, packages_select_build_failed=False, packages_skip_build_finished=False, packages_select_test_failures=False, packages_skip_test_passed=False, packages_select=None, packages_skip=None, packages_select_regex=None, packages_skip_regex=None, packages_start=None, packages_end=None, allow_overriding=[], cmake_args=None, cmake_target=None, cmake_target_skip_unavailable=False, cmake_clean_cache=False, cmake_clean_first=False, cmake_force_configure=False, ament_cmake_args=None, catkin_cmake_args=None, catkin_skip_building_tests=False, verb_parser=<colcon_defaults.argument_parser.defaults.DefaultArgumentsDecorator object at 0x7d9d25dca4a0>, verb_extension=<colcon_core.verb.build.BuildVerb object at 0x7d9d25f0fb50>, main=<bound method BuildVerb.main of <colcon_core.verb.build.BuildVerb object at 0x7d9d25f0fb50>>)
[0.369s] Level 1:colcon.colcon_core.package_discovery:discover_packages(colcon_meta) check parameters
[0.369s] Level 1:colcon.colcon_core.package_discovery:discover_packages(recursive) check parameters
[0.369s] Level 1:colcon.colcon_core.package_discovery:discover_packages(ignore) check parameters
[0.369s] Level 1:colcon.colcon_core.package_discovery:discover_packages(path) check parameters
[0.370s] Level 1:colcon.colcon_core.package_discovery:discover_packages(colcon_meta) discover
[0.370s] Level 1:colcon.colcon_core.package_discovery:discover_packages(recursive) discover
[0.370s] INFO:colcon.colcon_core.package_discovery:Crawling recursively for packages in '/home/w6228/tram_ws'
[0.370s] Level 1:colcon.colcon_core.package_identification:_identify(.) by extensions ['ignore', 'ignore_ament_install']
[0.370s] Level 1:colcon.colcon_core.package_identification:_identify(.) by extension 'ignore'
[0.370s] Level 1:colcon.colcon_core.package_identification:_identify(.) by extension 'ignore_ament_install'
[0.370s] Level 1:colcon.colcon_core.package_identification:_identify(.) by extensions ['colcon_pkg']
[0.370s] Level 1:colcon.colcon_core.package_identification:_identify(.) by extension 'colcon_pkg'
[0.370s] Level 1:colcon.colcon_core.package_identification:_identify(.) by extensions ['colcon_meta']
[0.370s] Level 1:colcon.colcon_core.package_identification:_identify(.) by extension 'colcon_meta'
[0.370s] Level 1:colcon.colcon_core.package_identification:_identify(.) by extensions ['ros']
[0.370s] Level 1:colcon.colcon_core.package_identification:_identify(.) by extension 'ros'
[0.383s] Level 1:colcon.colcon_core.package_identification:_identify(.) by extensions ['cmake', 'python']
[0.383s] Level 1:colcon.colcon_core.package_identification:_identify(.) by extension 'cmake'
[0.383s] Level 1:colcon.colcon_core.package_identification:_identify(.) by extension 'python'
[0.383s] Level 1:colcon.colcon_core.package_identification:_identify(.) by extensions ['python_setup_py']
[0.383s] Level 1:colcon.colcon_core.package_identification:_identify(.) by extension 'python_setup_py'
[0.384s] Level 1:colcon.colcon_core.package_identification:_identify(build) by extensions ['ignore', 'ignore_ament_install']
[0.384s] Level 1:colcon.colcon_core.package_identification:_identify(build) by extension 'ignore'
[0.384s] Level 1:colcon.colcon_core.package_identification:_identify(build) ignored
[0.384s] Level 1:colcon.colcon_core.package_identification:_identify(install) by extensions ['ignore', 'ignore_ament_install']
[0.384s] Level 1:colcon.colcon_core.package_identification:_identify(install) by extension 'ignore'
[0.384s] Level 1:colcon.colcon_core.package_identification:_identify(install) ignored
[0.384s] Level 1:colcon.colcon_core.package_identification:_identify(log) by extensions ['ignore', 'ignore_ament_install']
[0.384s] Level 1:colcon.colcon_core.package_identification:_identify(log) by extension 'ignore'
[0.384s] Level 1:colcon.colcon_core.package_identification:_identify(log) ignored
[0.384s] Level 1:colcon.colcon_core.package_identification:_identify(src) by extensions ['ignore', 'ignore_ament_install']
[0.384s] Level 1:colcon.colcon_core.package_identification:_identify(src) by extension 'ignore'
[0.384s] Level 1:colcon.colcon_core.package_identification:_identify(src) by extension 'ignore_ament_install'
[0.384s] Level 1:colcon.colcon_core.package_identification:_identify(src) by extensions ['colcon_pkg']
[0.384s] Level 1:colcon.colcon_core.package_identification:_identify(src) by extension 'colcon_pkg'
[0.384s] Level 1:colcon.colcon_core.package_identification:_identify(src) by extensions ['colcon_meta']
[0.384s] Level 1:colcon.colcon_core.package_identification:_identify(src) by extension 'colcon_meta'
[0.384s] Level 1:colcon.colcon_core.package_identification:_identify(src) by extensions ['ros']
[0.384s] Level 1:colcon.colcon_core.package_identification:_identify(src) by extension 'ros'
[0.384s] Level 1:colcon.colcon_core.package_identification:_identify(src) by extensions ['cmake', 'python']
[0.384s] Level 1:colcon.colcon_core.package_identification:_identify(src) by extension 'cmake'
[0.384s] Level 1:colcon.colcon_core.package_identification:_identify(src) by extension 'python'
[0.385s] Level 1:colcon.colcon_core.package_identification:_identify(src) by extensions ['python_setup_py']
[0.385s] Level 1:colcon.colcon_core.package_identification:_identify(src) by extension 'python_setup_py'
[0.385s] Level 1:colcon.colcon_core.package_identification:_identify(src/data) by extensions ['ignore', 'ignore_ament_install']
[0.385s] Level 1:colcon.colcon_core.package_identification:_identify(src/data) by extension 'ignore'
[0.385s] Level 1:colcon.colcon_core.package_identification:_identify(src/data) by extension 'ignore_ament_install'
[0.385s] Level 1:colcon.colcon_core.package_identification:_identify(src/data) by extensions ['colcon_pkg']
[0.385s] Level 1:colcon.colcon_core.package_identification:_identify(src/data) by extension 'colcon_pkg'
[0.385s] Level 1:colcon.colcon_core.package_identification:_identify(src/data) by extensions ['colcon_meta']
[0.385s] Level 1:colcon.colcon_core.package_identification:_identify(src/data) by extension 'colcon_meta'
[0.385s] Level 1:colcon.colcon_core.package_identification:_identify(src/data) by extensions ['ros']
[0.385s] Level 1:colcon.colcon_core.package_identification:_identify(src/data) by extension 'ros'
[0.385s] Level 1:colcon.colcon_core.package_identification:_identify(src/data) by extensions ['cmake', 'python']
[0.385s] Level 1:colcon.colcon_core.package_identification:_identify(src/data) by extension 'cmake'
[0.385s] Level 1:colcon.colcon_core.package_identification:_identify(src/data) by extension 'python'
[0.385s] Level 1:colcon.colcon_core.package_identification:_identify(src/data) by extensions ['python_setup_py']
[0.385s] Level 1:colcon.colcon_core.package_identification:_identify(src/data) by extension 'python_setup_py'
[0.385s] Level 1:colcon.colcon_core.package_identification:_identify(src/data/30618_01f73500) by extensions ['ignore', 'ignore_ament_install']
[0.385s] Level 1:colcon.colcon_core.package_identification:_identify(src/data/30618_01f73500) by extension 'ignore'
[0.385s] Level 1:colcon.colcon_core.package_identification:_identify(src/data/30618_01f73500) by extension 'ignore_ament_install'
[0.385s] Level 1:colcon.colcon_core.package_identification:_identify(src/data/30618_01f73500) by extensions ['colcon_pkg']
[0.385s] Level 1:colcon.colcon_core.package_identification:_identify(src/data/30618_01f73500) by extension 'colcon_pkg'
[0.385s] Level 1:colcon.colcon_core.package_identification:_identify(src/data/30618_01f73500) by extensions ['colcon_meta']
[0.385s] Level 1:colcon.colcon_core.package_identification:_identify(src/data/30618_01f73500) by extension 'colcon_meta'
[0.385s] Level 1:colcon.colcon_core.package_identification:_identify(src/data/30618_01f73500) by extensions ['ros']
[0.385s] Level 1:colcon.colcon_core.package_identification:_identify(src/data/30618_01f73500) by extension 'ros'
[0.385s] Level 1:colcon.colcon_core.package_identification:_identify(src/data/30618_01f73500) by extensions ['cmake', 'python']
[0.385s] Level 1:colcon.colcon_core.package_identification:_identify(src/data/30618_01f73500) by extension 'cmake'
[0.385s] Level 1:colcon.colcon_core.package_identification:_identify(src/data/30618_01f73500) by extension 'python'
[0.385s] Level 1:colcon.colcon_core.package_identification:_identify(src/data/30618_01f73500) by extensions ['python_setup_py']
[0.385s] Level 1:colcon.colcon_core.package_identification:_identify(src/data/30618_01f73500) by extension 'python_setup_py'
[0.385s] Level 1:colcon.colcon_core.package_identification:_identify(src/data/30618_0259fe53) by extensions ['ignore', 'ignore_ament_install']
[0.385s] Level 1:colcon.colcon_core.package_identification:_identify(src/data/30618_0259fe53) by extension 'ignore'
[0.386s] Level 1:colcon.colcon_core.package_identification:_identify(src/data/30618_0259fe53) by extension 'ignore_ament_install'
[0.386s] Level 1:colcon.colcon_core.package_identification:_identify(src/data/30618_0259fe53) by extensions ['colcon_pkg']
[0.386s] Level 1:colcon.colcon_core.package_identification:_identify(src/data/30618_0259fe53) by extension 'colcon_pkg'
[0.386s] Level 1:colcon.colcon_core.package_identification:_identify(src/data/30618_0259fe53) by extensions ['colcon_meta']
[0.386s] Level 1:colcon.colcon_core.package_identification:_identify(src/data/30618_0259fe53) by extension 'colcon_meta'
[0.386s] Level 1:colcon.colcon_core.package_identification:_identify(src/data/30618_0259fe53) by extensions ['ros']
[0.386s] Level 1:colcon.colcon_core.package_identification:_identify(src/data/30618_0259fe53) by extension 'ros'
[0.386s] Level 1:colcon.colcon_core.package_identification:_identify(src/data/30618_0259fe53) by extensions ['cmake', 'python']
[0.386s] Level 1:colcon.colcon_core.package_identification:_identify(src/data/30618_0259fe53) by extension 'cmake'
[0.386s] Level 1:colcon.colcon_core.package_identification:_identify(src/data/30618_0259fe53) by extension 'python'
[0.386s] Level 1:colcon.colcon_core.package_identification:_identify(src/data/30618_0259fe53) by extensions ['python_setup_py']
[0.386s] Level 1:colcon.colcon_core.package_identification:_identify(src/data/30618_0259fe53) by extension 'python_setup_py'
[0.386s] Level 1:colcon.colcon_core.package_identification:_identify(src/data/30618_0652866c) by extensions ['ignore', 'ignore_ament_install']
[0.386s] Level 1:colcon.colcon_core.package_identification:_identify(src/data/30618_0652866c) by extension 'ignore'
[0.386s] Level 1:colcon.colcon_core.package_identification:_identify(src/data/30618_0652866c) by extension 'ignore_ament_install'
[0.386s] Level 1:colcon.colcon_core.package_identification:_identify(src/data/30618_0652866c) by extensions ['colcon_pkg']
[0.386s] Level 1:colcon.colcon_core.package_identification:_identify(src/data/30618_0652866c) by extension 'colcon_pkg'
[0.386s] Level 1:colcon.colcon_core.package_identification:_identify(src/data/30618_0652866c) by extensions ['colcon_meta']
[0.386s] Level 1:colcon.colcon_core.package_identification:_identify(src/data/30618_0652866c) by extension 'colcon_meta'
[0.386s] Level 1:colcon.colcon_core.package_identification:_identify(src/data/30618_0652866c) by extensions ['ros']
[0.386s] Level 1:colcon.colcon_core.package_identification:_identify(src/data/30618_0652866c) by extension 'ros'
[0.386s] Level 1:colcon.colcon_core.package_identification:_identify(src/data/30618_0652866c) by extensions ['cmake', 'python']
[0.386s] Level 1:colcon.colcon_core.package_identification:_identify(src/data/30618_0652866c) by extension 'cmake'
[0.386s] Level 1:colcon.colcon_core.package_identification:_identify(src/data/30618_0652866c) by extension 'python'
[0.387s] Level 1:colcon.colcon_core.package_identification:_identify(src/data/30618_0652866c) by extensions ['python_setup_py']
[0.387s] Level 1:colcon.colcon_core.package_identification:_identify(src/data/30618_0652866c) by extension 'python_setup_py'
[0.387s] Level 1:colcon.colcon_core.package_identification:_identify(src/data/30618_0686195f) by extensions ['ignore', 'ignore_ament_install']
[0.387s] Level 1:colcon.colcon_core.package_identification:_identify(src/data/30618_0686195f) by extension 'ignore'
[0.387s] Level 1:colcon.colcon_core.package_identification:_identify(src/data/30618_0686195f) by extension 'ignore_ament_install'
[0.387s] Level 1:colcon.colcon_core.package_identification:_identify(src/data/30618_0686195f) by extensions ['colcon_pkg']
[0.387s] Level 1:colcon.colcon_core.package_identification:_identify(src/data/30618_0686195f) by extension 'colcon_pkg'
[0.387s] Level 1:colcon.colcon_core.package_identification:_identify(src/data/30618_0686195f) by extensions ['colcon_meta']
[0.387s] Level 1:colcon.colcon_core.package_identification:_identify(src/data/30618_0686195f) by extension 'colcon_meta'
[0.387s] Level 1:colcon.colcon_core.package_identification:_identify(src/data/30618_0686195f) by extensions ['ros']
[0.387s] Level 1:colcon.colcon_core.package_identification:_identify(src/data/30618_0686195f) by extension 'ros'
[0.387s] Level 1:colcon.colcon_core.package_identification:_identify(src/data/30618_0686195f) by extensions ['cmake', 'python']
[0.387s] Level 1:colcon.colcon_core.package_identification:_identify(src/data/30618_0686195f) by extension 'cmake'
[0.387s] Level 1:colcon.colcon_core.package_identification:_identify(src/data/30618_0686195f) by extension 'python'
[0.387s] Level 1:colcon.colcon_core.package_identification:_identify(src/data/30618_0686195f) by extensions ['python_setup_py']
[0.387s] Level 1:colcon.colcon_core.package_identification:_identify(src/data/30618_0686195f) by extension 'python_setup_py'
[0.387s] Level 1:colcon.colcon_core.package_identification:_identify(src/data/30618_073f08d1) by extensions ['ignore', 'ignore_ament_install']
[0.387s] Level 1:colcon.colcon_core.package_identification:_identify(src/data/30618_073f08d1) by extension 'ignore'
[0.387s] Level 1:colcon.colcon_core.package_identification:_identify(src/data/30618_073f08d1) by extension 'ignore_ament_install'
[0.387s] Level 1:colcon.colcon_core.package_identification:_identify(src/data/30618_073f08d1) by extensions ['colcon_pkg']
[0.387s] Level 1:colcon.colcon_core.package_identification:_identify(src/data/30618_073f08d1) by extension 'colcon_pkg'
[0.387s] Level 1:colcon.colcon_core.package_identification:_identify(src/data/30618_073f08d1) by extensions ['colcon_meta']
[0.387s] Level 1:colcon.colcon_core.package_identification:_identify(src/data/30618_073f08d1) by extension 'colcon_meta'
[0.387s] Level 1:colcon.colcon_core.package_identification:_identify(src/data/30618_073f08d1) by extensions ['ros']
[0.387s] Level 1:colcon.colcon_core.package_identification:_identify(src/data/30618_073f08d1) by extension 'ros'
[0.387s] Level 1:colcon.colcon_core.package_identification:_identify(src/data/30618_073f08d1) by extensions ['cmake', 'python']
[0.387s] Level 1:colcon.colcon_core.package_identification:_identify(src/data/30618_073f08d1) by extension 'cmake'
[0.387s] Level 1:colcon.colcon_core.package_identification:_identify(src/data/30618_073f08d1) by extension 'python'
[0.387s] Level 1:colcon.colcon_core.package_identification:_identify(src/data/30618_073f08d1) by extensions ['python_setup_py']
[0.387s] Level 1:colcon.colcon_core.package_identification:_identify(src/data/30618_073f08d1) by extension 'python_setup_py'
[0.387s] Level 1:colcon.colcon_core.package_identification:_identify(src/data/30618_082f1d65) by extensions ['ignore', 'ignore_ament_install']
[0.387s] Level 1:colcon.colcon_core.package_identification:_identify(src/data/30618_082f1d65) by extension 'ignore'
[0.387s] Level 1:colcon.colcon_core.package_identification:_identify(src/data/30618_082f1d65) by extension 'ignore_ament_install'
[0.387s] Level 1:colcon.colcon_core.package_identification:_identify(src/data/30618_082f1d65) by extensions ['colcon_pkg']
[0.387s] Level 1:colcon.colcon_core.package_identification:_identify(src/data/30618_082f1d65) by extension 'colcon_pkg'
[0.388s] Level 1:colcon.colcon_core.package_identification:_identify(src/data/30618_082f1d65) by extensions ['colcon_meta']
[0.388s] Level 1:colcon.colcon_core.package_identification:_identify(src/data/30618_082f1d65) by extension 'colcon_meta'
[0.388s] Level 1:colcon.colcon_core.package_identification:_identify(src/data/30618_082f1d65) by extensions ['ros']
[0.388s] Level 1:colcon.colcon_core.package_identification:_identify(src/data/30618_082f1d65) by extension 'ros'
[0.388s] Level 1:colcon.colcon_core.package_identification:_identify(src/data/30618_082f1d65) by extensions ['cmake', 'python']
[0.388s] Level 1:colcon.colcon_core.package_identification:_identify(src/data/30618_082f1d65) by extension 'cmake'
[0.388s] Level 1:colcon.colcon_core.package_identification:_identify(src/data/30618_082f1d65) by extension 'python'
[0.388s] Level 1:colcon.colcon_core.package_identification:_identify(src/data/30618_082f1d65) by extensions ['python_setup_py']
[0.388s] Level 1:colcon.colcon_core.package_identification:_identify(src/data/30618_082f1d65) by extension 'python_setup_py'
[0.388s] Level 1:colcon.colcon_core.package_identification:_identify(src/data/30618_095a115b) by extensions ['ignore', 'ignore_ament_install']
[0.388s] Level 1:colcon.colcon_core.package_identification:_identify(src/data/30618_095a115b) by extension 'ignore'
[0.388s] Level 1:colcon.colcon_core.package_identification:_identify(src/data/30618_095a115b) by extension 'ignore_ament_install'
[0.388s] Level 1:colcon.colcon_core.package_identification:_identify(src/data/30618_095a115b) by extensions ['colcon_pkg']
[0.388s] Level 1:colcon.colcon_core.package_identification:_identify(src/data/30618_095a115b) by extension 'colcon_pkg'
[0.388s] Level 1:colcon.colcon_core.package_identification:_identify(src/data/30618_095a115b) by extensions ['colcon_meta']
[0.388s] Level 1:colcon.colcon_core.package_identification:_identify(src/data/30618_095a115b) by extension 'colcon_meta'
[0.388s] Level 1:colcon.colcon_core.package_identification:_identify(src/data/30618_095a115b) by extensions ['ros']
[0.388s] Level 1:colcon.colcon_core.package_identification:_identify(src/data/30618_095a115b) by extension 'ros'
[0.388s] Level 1:colcon.colcon_core.package_identification:_identify(src/data/30618_095a115b) by extensions ['cmake', 'python']
[0.388s] Level 1:colcon.colcon_core.package_identification:_identify(src/data/30618_095a115b) by extension 'cmake'
[0.388s] Level 1:colcon.colcon_core.package_identification:_identify(src/data/30618_095a115b) by extension 'python'
[0.388s] Level 1:colcon.colcon_core.package_identification:_identify(src/data/30618_095a115b) by extensions ['python_setup_py']
[0.388s] Level 1:colcon.colcon_core.package_identification:_identify(src/data/30618_095a115b) by extension 'python_setup_py'
[0.388s] Level 1:colcon.colcon_core.package_identification:_identify(src/data/30618_0a83c933) by extensions ['ignore', 'ignore_ament_install']
[0.388s] Level 1:colcon.colcon_core.package_identification:_identify(src/data/30618_0a83c933) by extension 'ignore'
[0.388s] Level 1:colcon.colcon_core.package_identification:_identify(src/data/30618_0a83c933) by extension 'ignore_ament_install'
[0.388s] Level 1:colcon.colcon_core.package_identification:_identify(src/data/30618_0a83c933) by extensions ['colcon_pkg']
[0.388s] Level 1:colcon.colcon_core.package_identification:_identify(src/data/30618_0a83c933) by extension 'colcon_pkg'
[0.388s] Level 1:colcon.colcon_core.package_identification:_identify(src/data/30618_0a83c933) by extensions ['colcon_meta']
[0.388s] Level 1:colcon.colcon_core.package_identification:_identify(src/data/30618_0a83c933) by extension 'colcon_meta'
[0.388s] Level 1:colcon.colcon_core.package_identification:_identify(src/data/30618_0a83c933) by extensions ['ros']
[0.388s] Level 1:colcon.colcon_core.package_identification:_identify(src/data/30618_0a83c933) by extension 'ros'
[0.388s] Level 1:colcon.colcon_core.package_identification:_identify(src/data/30618_0a83c933) by extensions ['cmake', 'python']
[0.388s] Level 1:colcon.colcon_core.package_identification:_identify(src/data/30618_0a83c933) by extension 'cmake'
[0.388s] Level 1:colcon.colcon_core.package_identification:_identify(src/data/30618_0a83c933) by extension 'python'
[0.388s] Level 1:colcon.colcon_core.package_identification:_identify(src/data/30618_0a83c933) by extensions ['python_setup_py']
[0.389s] Level 1:colcon.colcon_core.package_identification:_identify(src/data/30618_0a83c933) by extension 'python_setup_py'
[0.389s] Level 1:colcon.colcon_core.package_identification:_identify(src/data/30618_0d865417) by extensions ['ignore', 'ignore_ament_install']
[0.389s] Level 1:colcon.colcon_core.package_identification:_identify(src/data/30618_0d865417) by extension 'ignore'
[0.389s] Level 1:colcon.colcon_core.package_identification:_identify(src/data/30618_0d865417) by extension 'ignore_ament_install'
[0.389s] Level 1:colcon.colcon_core.package_identification:_identify(src/data/30618_0d865417) by extensions ['colcon_pkg']
[0.389s] Level 1:colcon.colcon_core.package_identification:_identify(src/data/30618_0d865417) by extension 'colcon_pkg'
[0.389s] Level 1:colcon.colcon_core.package_identification:_identify(src/data/30618_0d865417) by extensions ['colcon_meta']
[0.389s] Level 1:colcon.colcon_core.package_identification:_identify(src/data/30618_0d865417) by extension 'colcon_meta'
[0.389s] Level 1:colcon.colcon_core.package_identification:_identify(src/data/30618_0d865417) by extensions ['ros']
[0.389s] Level 1:colcon.colcon_core.package_identification:_identify(src/data/30618_0d865417) by extension 'ros'
[0.389s] Level 1:colcon.colcon_core.package_identification:_identify(src/data/30618_0d865417) by extensions ['cmake', 'python']
[0.389s] Level 1:colcon.colcon_core.package_identification:_identify(src/data/30618_0d865417) by extension 'cmake'
[0.389s] Level 1:colcon.colcon_core.package_identification:_identify(src/data/30618_0d865417) by extension 'python'
[0.389s] Level 1:colcon.colcon_core.package_identification:_identify(src/data/30618_0d865417) by extensions ['python_setup_py']
[0.389s] Level 1:colcon.colcon_core.package_identification:_identify(src/data/30618_0d865417) by extension 'python_setup_py'
[0.389s] Level 1:colcon.colcon_core.package_identification:_identify(src/data/30618_0e41eac3) by extensions ['ignore', 'ignore_ament_install']
[0.389s] Level 1:colcon.colcon_core.package_identification:_identify(src/data/30618_0e41eac3) by extension 'ignore'
[0.389s] Level 1:colcon.colcon_core.package_identification:_identify(src/data/30618_0e41eac3) by extension 'ignore_ament_install'
[0.389s] Level 1:colcon.colcon_core.package_identification:_identify(src/data/30618_0e41eac3) by extensions ['colcon_pkg']
[0.389s] Level 1:colcon.colcon_core.package_identification:_identify(src/data/30618_0e41eac3) by extension 'colcon_pkg'
[0.389s] Level 1:colcon.colcon_core.package_identification:_identify(src/data/30618_0e41eac3) by extensions ['colcon_meta']
[0.389s] Level 1:colcon.colcon_core.package_identification:_identify(src/data/30618_0e41eac3) by extension 'colcon_meta'
[0.389s] Level 1:colcon.colcon_core.package_identification:_identify(src/data/30618_0e41eac3) by extensions ['ros']
[0.389s] Level 1:colcon.colcon_core.package_identification:_identify(src/data/30618_0e41eac3) by extension 'ros'
[0.389s] Level 1:colcon.colcon_core.package_identification:_identify(src/data/30618_0e41eac3) by extensions ['cmake', 'python']
[0.389s] Level 1:colcon.colcon_core.package_identification:_identify(src/data/30618_0e41eac3) by extension 'cmake'
[0.389s] Level 1:colcon.colcon_core.package_identification:_identify(src/data/30618_0e41eac3) by extension 'python'
[0.389s] Level 1:colcon.colcon_core.package_identification:_identify(src/data/30618_0e41eac3) by extensions ['python_setup_py']
[0.389s] Level 1:colcon.colcon_core.package_identification:_identify(src/data/30618_0e41eac3) by extension 'python_setup_py'
[0.389s] Level 1:colcon.colcon_core.package_identification:_identify(src/data/30618_0f120b35) by extensions ['ignore', 'ignore_ament_install']
[0.389s] Level 1:colcon.colcon_core.package_identification:_identify(src/data/30618_0f120b35) by extension 'ignore'
[0.389s] Level 1:colcon.colcon_core.package_identification:_identify(src/data/30618_0f120b35) by extension 'ignore_ament_install'
[0.389s] Level 1:colcon.colcon_core.package_identification:_identify(src/data/30618_0f120b35) by extensions ['colcon_pkg']
[0.389s] Level 1:colcon.colcon_core.package_identification:_identify(src/data/30618_0f120b35) by extension 'colcon_pkg'
[0.389s] Level 1:colcon.colcon_core.package_identification:_identify(src/data/30618_0f120b35) by extensions ['colcon_meta']
[0.389s] Level 1:colcon.colcon_core.package_identification:_identify(src/data/30618_0f120b35) by extension 'colcon_meta'
[0.390s] Level 1:colcon.colcon_core.package_identification:_identify(src/data/30618_0f120b35) by extensions ['ros']
[0.390s] Level 1:colcon.colcon_core.package_identification:_identify(src/data/30618_0f120b35) by extension 'ros'
[0.390s] Level 1:colcon.colcon_core.package_identification:_identify(src/data/30618_0f120b35) by extensions ['cmake', 'python']
[0.390s] Level 1:colcon.colcon_core.package_identification:_identify(src/data/30618_0f120b35) by extension 'cmake'
[0.390s] Level 1:colcon.colcon_core.package_identification:_identify(src/data/30618_0f120b35) by extension 'python'
[0.390s] Level 1:colcon.colcon_core.package_identification:_identify(src/data/30618_0f120b35) by extensions ['python_setup_py']
[0.390s] Level 1:colcon.colcon_core.package_identification:_identify(src/data/30618_0f120b35) by extension 'python_setup_py'
[0.390s] Level 1:colcon.colcon_core.package_identification:_identify(src/data/30618_117c2d02) by extensions ['ignore', 'ignore_ament_install']
[0.390s] Level 1:colcon.colcon_core.package_identification:_identify(src/data/30618_117c2d02) by extension 'ignore'
[0.390s] Level 1:colcon.colcon_core.package_identification:_identify(src/data/30618_117c2d02) by extension 'ignore_ament_install'
[0.390s] Level 1:colcon.colcon_core.package_identification:_identify(src/data/30618_117c2d02) by extensions ['colcon_pkg']
[0.390s] Level 1:colcon.colcon_core.package_identification:_identify(src/data/30618_117c2d02) by extension 'colcon_pkg'
[0.390s] Level 1:colcon.colcon_core.package_identification:_identify(src/data/30618_117c2d02) by extensions ['colcon_meta']
[0.390s] Level 1:colcon.colcon_core.package_identification:_identify(src/data/30618_117c2d02) by extension 'colcon_meta'
[0.390s] Level 1:colcon.colcon_core.package_identification:_identify(src/data/30618_117c2d02) by extensions ['ros']
[0.390s] Level 1:colcon.colcon_core.package_identification:_identify(src/data/30618_117c2d02) by extension 'ros'
[0.390s] Level 1:colcon.colcon_core.package_identification:_identify(src/data/30618_117c2d02) by extensions ['cmake', 'python']
[0.390s] Level 1:colcon.colcon_core.package_identification:_identify(src/data/30618_117c2d02) by extension 'cmake'
[0.390s] Level 1:colcon.colcon_core.package_identification:_identify(src/data/30618_117c2d02) by extension 'python'
[0.390s] Level 1:colcon.colcon_core.package_identification:_identify(src/data/30618_117c2d02) by extensions ['python_setup_py']
[0.390s] Level 1:colcon.colcon_core.package_identification:_identify(src/data/30618_117c2d02) by extension 'python_setup_py'
[0.390s] Level 1:colcon.colcon_core.package_identification:_identify(src/data/30618_1551d0a9) by extensions ['ignore', 'ignore_ament_install']
[0.390s] Level 1:colcon.colcon_core.package_identification:_identify(src/data/30618_1551d0a9) by extension 'ignore'
[0.390s] Level 1:colcon.colcon_core.package_identification:_identify(src/data/30618_1551d0a9) by extension 'ignore_ament_install'
[0.390s] Level 1:colcon.colcon_core.package_identification:_identify(src/data/30618_1551d0a9) by extensions ['colcon_pkg']
[0.390s] Level 1:colcon.colcon_core.package_identification:_identify(src/data/30618_1551d0a9) by extension 'colcon_pkg'
[0.390s] Level 1:colcon.colcon_core.package_identification:_identify(src/data/30618_1551d0a9) by extensions ['colcon_meta']
[0.391s] Level 1:colcon.colcon_core.package_identification:_identify(src/data/30618_1551d0a9) by extension 'colcon_meta'
[0.391s] Level 1:colcon.colcon_core.package_identification:_identify(src/data/30618_1551d0a9) by extensions ['ros']
[0.391s] Level 1:colcon.colcon_core.package_identification:_identify(src/data/30618_1551d0a9) by extension 'ros'
[0.391s] Level 1:colcon.colcon_core.package_identification:_identify(src/data/30618_1551d0a9) by extensions ['cmake', 'python']
[0.391s] Level 1:colcon.colcon_core.package_identification:_identify(src/data/30618_1551d0a9) by extension 'cmake'
[0.391s] Level 1:colcon.colcon_core.package_identification:_identify(src/data/30618_1551d0a9) by extension 'python'
[0.391s] Level 1:colcon.colcon_core.package_identification:_identify(src/data/30618_1551d0a9) by extensions ['python_setup_py']
[0.391s] Level 1:colcon.colcon_core.package_identification:_identify(src/data/30618_1551d0a9) by extension 'python_setup_py'
[0.391s] Level 1:colcon.colcon_core.package_identification:_identify(src/data/30618_1cc230fa) by extensions ['ignore', 'ignore_ament_install']
[0.391s] Level 1:colcon.colcon_core.package_identification:_identify(src/data/30618_1cc230fa) by extension 'ignore'
[0.391s] Level 1:colcon.colcon_core.package_identification:_identify(src/data/30618_1cc230fa) by extension 'ignore_ament_install'
[0.391s] Level 1:colcon.colcon_core.package_identification:_identify(src/data/30618_1cc230fa) by extensions ['colcon_pkg']
[0.391s] Level 1:colcon.colcon_core.package_identification:_identify(src/data/30618_1cc230fa) by extension 'colcon_pkg'
[0.391s] Level 1:colcon.colcon_core.package_identification:_identify(src/data/30618_1cc230fa) by extensions ['colcon_meta']
[0.391s] Level 1:colcon.colcon_core.package_identification:_identify(src/data/30618_1cc230fa) by extension 'colcon_meta'
[0.391s] Level 1:colcon.colcon_core.package_identification:_identify(src/data/30618_1cc230fa) by extensions ['ros']
[0.391s] Level 1:colcon.colcon_core.package_identification:_identify(src/data/30618_1cc230fa) by extension 'ros'
[0.391s] Level 1:colcon.colcon_core.package_identification:_identify(src/data/30618_1cc230fa) by extensions ['cmake', 'python']
[0.391s] Level 1:colcon.colcon_core.package_identification:_identify(src/data/30618_1cc230fa) by extension 'cmake'
[0.391s] Level 1:colcon.colcon_core.package_identification:_identify(src/data/30618_1cc230fa) by extension 'python'
[0.391s] Level 1:colcon.colcon_core.package_identification:_identify(src/data/30618_1cc230fa) by extensions ['python_setup_py']
[0.391s] Level 1:colcon.colcon_core.package_identification:_identify(src/data/30618_1cc230fa) by extension 'python_setup_py'
[0.391s] Level 1:colcon.colcon_core.package_identification:_identify(src/data/30618_20096314) by extensions ['ignore', 'ignore_ament_install']
[0.392s] Level 1:colcon.colcon_core.package_identification:_identify(src/data/30618_20096314) by extension 'ignore'
[0.392s] Level 1:colcon.colcon_core.package_identification:_identify(src/data/30618_20096314) by extension 'ignore_ament_install'
[0.392s] Level 1:colcon.colcon_core.package_identification:_identify(src/data/30618_20096314) by extensions ['colcon_pkg']
[0.392s] Level 1:colcon.colcon_core.package_identification:_identify(src/data/30618_20096314) by extension 'colcon_pkg'
[0.392s] Level 1:colcon.colcon_core.package_identification:_identify(src/data/30618_20096314) by extensions ['colcon_meta']
[0.392s] Level 1:colcon.colcon_core.package_identification:_identify(src/data/30618_20096314) by extension 'colcon_meta'
[0.392s] Level 1:colcon.colcon_core.package_identification:_identify(src/data/30618_20096314) by extensions ['ros']
[0.392s] Level 1:colcon.colcon_core.package_identification:_identify(src/data/30618_20096314) by extension 'ros'
[0.392s] Level 1:colcon.colcon_core.package_identification:_identify(src/data/30618_20096314) by extensions ['cmake', 'python']
[0.392s] Level 1:colcon.colcon_core.package_identification:_identify(src/data/30618_20096314) by extension 'cmake'
[0.392s] Level 1:colcon.colcon_core.package_identification:_identify(src/data/30618_20096314) by extension 'python'
[0.392s] Level 1:colcon.colcon_core.package_identification:_identify(src/data/30618_20096314) by extensions ['python_setup_py']
[0.392s] Level 1:colcon.colcon_core.package_identification:_identify(src/data/30618_20096314) by extension 'python_setup_py'
[0.392s] Level 1:colcon.colcon_core.package_identification:_identify(src/data/30618_2050d396) by extensions ['ignore', 'ignore_ament_install']
[0.392s] Level 1:colcon.colcon_core.package_identification:_identify(src/data/30618_2050d396) by extension 'ignore'
[0.392s] Level 1:colcon.colcon_core.package_identification:_identify(src/data/30618_2050d396) by extension 'ignore_ament_install'
[0.392s] Level 1:colcon.colcon_core.package_identification:_identify(src/data/30618_2050d396) by extensions ['colcon_pkg']
[0.392s] Level 1:colcon.colcon_core.package_identification:_identify(src/data/30618_2050d396) by extension 'colcon_pkg'
[0.392s] Level 1:colcon.colcon_core.package_identification:_identify(src/data/30618_2050d396) by extensions ['colcon_meta']
[0.392s] Level 1:colcon.colcon_core.package_identification:_identify(src/data/30618_2050d396) by extension 'colcon_meta'
[0.392s] Level 1:colcon.colcon_core.package_identification:_identify(src/data/30618_2050d396) by extensions ['ros']
[0.392s] Level 1:colcon.colcon_core.package_identification:_identify(src/data/30618_2050d396) by extension 'ros'
[0.392s] Level 1:colcon.colcon_core.package_identification:_identify(src/data/30618_2050d396) by extensions ['cmake', 'python']
[0.392s] Level 1:colcon.colcon_core.package_identification:_identify(src/data/30618_2050d396) by extension 'cmake'
[0.392s] Level 1:colcon.colcon_core.package_identification:_identify(src/data/30618_2050d396) by extension 'python'
[0.392s] Level 1:colcon.colcon_core.package_identification:_identify(src/data/30618_2050d396) by extensions ['python_setup_py']
[0.392s] Level 1:colcon.colcon_core.package_identification:_identify(src/data/30618_2050d396) by extension 'python_setup_py'
[0.392s] Level 1:colcon.colcon_core.package_identification:_identify(src/data/30618_2161b58b) by extensions ['ignore', 'ignore_ament_install']
[0.392s] Level 1:colcon.colcon_core.package_identification:_identify(src/data/30618_2161b58b) by extension 'ignore'
[0.392s] Level 1:colcon.colcon_core.package_identification:_identify(src/data/30618_2161b58b) by extension 'ignore_ament_install'
[0.392s] Level 1:colcon.colcon_core.package_identification:_identify(src/data/30618_2161b58b) by extensions ['colcon_pkg']
[0.392s] Level 1:colcon.colcon_core.package_identification:_identify(src/data/30618_2161b58b) by extension 'colcon_pkg'
[0.392s] Level 1:colcon.colcon_core.package_identification:_identify(src/data/30618_2161b58b) by extensions ['colcon_meta']
[0.392s] Level 1:colcon.colcon_core.package_identification:_identify(src/data/30618_2161b58b) by extension 'colcon_meta'
[0.392s] Level 1:colcon.colcon_core.package_identification:_identify(src/data/30618_2161b58b) by extensions ['ros']
[0.392s] Level 1:colcon.colcon_core.package_identification:_identify(src/data/30618_2161b58b) by extension 'ros'
[0.392s] Level 1:colcon.colcon_core.package_identification:_identify(src/data/30618_2161b58b) by extensions ['cmake', 'python']
[0.392s] Level 1:colcon.colcon_core.package_identification:_identify(src/data/30618_2161b58b) by extension 'cmake'
[0.392s] Level 1:colcon.colcon_core.package_identification:_identify(src/data/30618_2161b58b) by extension 'python'
[0.392s] Level 1:colcon.colcon_core.package_identification:_identify(src/data/30618_2161b58b) by extensions ['python_setup_py']
[0.392s] Level 1:colcon.colcon_core.package_identification:_identify(src/data/30618_2161b58b) by extension 'python_setup_py'
[0.392s] Level 1:colcon.colcon_core.package_identification:_identify(src/data/30618_21dd3af3) by extensions ['ignore', 'ignore_ament_install']
[0.392s] Level 1:colcon.colcon_core.package_identification:_identify(src/data/30618_21dd3af3) by extension 'ignore'
[0.392s] Level 1:colcon.colcon_core.package_identification:_identify(src/data/30618_21dd3af3) by extension 'ignore_ament_install'
[0.392s] Level 1:colcon.colcon_core.package_identification:_identify(src/data/30618_21dd3af3) by extensions ['colcon_pkg']
[0.392s] Level 1:colcon.colcon_core.package_identification:_identify(src/data/30618_21dd3af3) by extension 'colcon_pkg'
[0.392s] Level 1:colcon.colcon_core.package_identification:_identify(src/data/30618_21dd3af3) by extensions ['colcon_meta']
[0.392s] Level 1:colcon.colcon_core.package_identification:_identify(src/data/30618_21dd3af3) by extension 'colcon_meta'
[0.392s] Level 1:colcon.colcon_core.package_identification:_identify(src/data/30618_21dd3af3) by extensions ['ros']
[0.393s] Level 1:colcon.colcon_core.package_identification:_identify(src/data/30618_21dd3af3) by extension 'ros'
[0.393s] Level 1:colcon.colcon_core.package_identification:_identify(src/data/30618_21dd3af3) by extensions ['cmake', 'python']
[0.393s] Level 1:colcon.colcon_core.package_identification:_identify(src/data/30618_21dd3af3) by extension 'cmake'
[0.393s] Level 1:colcon.colcon_core.package_identification:_identify(src/data/30618_21dd3af3) by extension 'python'
[0.393s] Level 1:colcon.colcon_core.package_identification:_identify(src/data/30618_21dd3af3) by extensions ['python_setup_py']
[0.393s] Level 1:colcon.colcon_core.package_identification:_identify(src/data/30618_21dd3af3) by extension 'python_setup_py'
[0.393s] Level 1:colcon.colcon_core.package_identification:_identify(src/data/30618_2255aade) by extensions ['ignore', 'ignore_ament_install']
[0.393s] Level 1:colcon.colcon_core.package_identification:_identify(src/data/30618_2255aade) by extension 'ignore'
[0.393s] Level 1:colcon.colcon_core.package_identification:_identify(src/data/30618_2255aade) by extension 'ignore_ament_install'
[0.393s] Level 1:colcon.colcon_core.package_identification:_identify(src/data/30618_2255aade) by extensions ['colcon_pkg']
[0.393s] Level 1:colcon.colcon_core.package_identification:_identify(src/data/30618_2255aade) by extension 'colcon_pkg'
[0.393s] Level 1:colcon.colcon_core.package_identification:_identify(src/data/30618_2255aade) by extensions ['colcon_meta']
[0.393s] Level 1:colcon.colcon_core.package_identification:_identify(src/data/30618_2255aade) by extension 'colcon_meta'
[0.393s] Level 1:colcon.colcon_core.package_identification:_identify(src/data/30618_2255aade) by extensions ['ros']
[0.393s] Level 1:colcon.colcon_core.package_identification:_identify(src/data/30618_2255aade) by extension 'ros'
[0.393s] Level 1:colcon.colcon_core.package_identification:_identify(src/data/30618_2255aade) by extensions ['cmake', 'python']
[0.393s] Level 1:colcon.colcon_core.package_identification:_identify(src/data/30618_2255aade) by extension 'cmake'
[0.393s] Level 1:colcon.colcon_core.package_identification:_identify(src/data/30618_2255aade) by extension 'python'
[0.393s] Level 1:colcon.colcon_core.package_identification:_identify(src/data/30618_2255aade) by extensions ['python_setup_py']
[0.393s] Level 1:colcon.colcon_core.package_identification:_identify(src/data/30618_2255aade) by extension 'python_setup_py'
[0.393s] Level 1:colcon.colcon_core.package_identification:_identify(src/data/30618_22c1c589) by extensions ['ignore', 'ignore_ament_install']
[0.393s] Level 1:colcon.colcon_core.package_identification:_identify(src/data/30618_22c1c589) by extension 'ignore'
[0.393s] Level 1:colcon.colcon_core.package_identification:_identify(src/data/30618_22c1c589) by extension 'ignore_ament_install'
[0.393s] Level 1:colcon.colcon_core.package_identification:_identify(src/data/30618_22c1c589) by extensions ['colcon_pkg']
[0.393s] Level 1:colcon.colcon_core.package_identification:_identify(src/data/30618_22c1c589) by extension 'colcon_pkg'
[0.393s] Level 1:colcon.colcon_core.package_identification:_identify(src/data/30618_22c1c589) by extensions ['colcon_meta']
[0.393s] Level 1:colcon.colcon_core.package_identification:_identify(src/data/30618_22c1c589) by extension 'colcon_meta'
[0.393s] Level 1:colcon.colcon_core.package_identification:_identify(src/data/30618_22c1c589) by extensions ['ros']
[0.393s] Level 1:colcon.colcon_core.package_identification:_identify(src/data/30618_22c1c589) by extension 'ros'
[0.393s] Level 1:colcon.colcon_core.package_identification:_identify(src/data/30618_22c1c589) by extensions ['cmake', 'python']
[0.393s] Level 1:colcon.colcon_core.package_identification:_identify(src/data/30618_22c1c589) by extension 'cmake'
[0.393s] Level 1:colcon.colcon_core.package_identification:_identify(src/data/30618_22c1c589) by extension 'python'
[0.393s] Level 1:colcon.colcon_core.package_identification:_identify(src/data/30618_22c1c589) by extensions ['python_setup_py']
[0.393s] Level 1:colcon.colcon_core.package_identification:_identify(src/data/30618_22c1c589) by extension 'python_setup_py'
[0.393s] Level 1:colcon.colcon_core.package_identification:_identify(src/data/30618_2366c74a) by extensions ['ignore', 'ignore_ament_install']
[0.393s] Level 1:colcon.colcon_core.package_identification:_identify(src/data/30618_2366c74a) by extension 'ignore'
[0.393s] Level 1:colcon.colcon_core.package_identification:_identify(src/data/30618_2366c74a) by extension 'ignore_ament_install'
[0.393s] Level 1:colcon.colcon_core.package_identification:_identify(src/data/30618_2366c74a) by extensions ['colcon_pkg']
[0.393s] Level 1:colcon.colcon_core.package_identification:_identify(src/data/30618_2366c74a) by extension 'colcon_pkg'
[0.393s] Level 1:colcon.colcon_core.package_identification:_identify(src/data/30618_2366c74a) by extensions ['colcon_meta']
[0.393s] Level 1:colcon.colcon_core.package_identification:_identify(src/data/30618_2366c74a) by extension 'colcon_meta'
[0.393s] Level 1:colcon.colcon_core.package_identification:_identify(src/data/30618_2366c74a) by extensions ['ros']
[0.393s] Level 1:colcon.colcon_core.package_identification:_identify(src/data/30618_2366c74a) by extension 'ros'
[0.393s] Level 1:colcon.colcon_core.package_identification:_identify(src/data/30618_2366c74a) by extensions ['cmake', 'python']
[0.393s] Level 1:colcon.colcon_core.package_identification:_identify(src/data/30618_2366c74a) by extension 'cmake'
[0.393s] Level 1:colcon.colcon_core.package_identification:_identify(src/data/30618_2366c74a) by extension 'python'
[0.393s] Level 1:colcon.colcon_core.package_identification:_identify(src/data/30618_2366c74a) by extensions ['python_setup_py']
[0.394s] Level 1:colcon.colcon_core.package_identification:_identify(src/data/30618_2366c74a) by extension 'python_setup_py'
[0.394s] Level 1:colcon.colcon_core.package_identification:_identify(src/data/30618_27e994fc) by extensions ['ignore', 'ignore_ament_install']
[0.394s] Level 1:colcon.colcon_core.package_identification:_identify(src/data/30618_27e994fc) by extension 'ignore'
[0.394s] Level 1:colcon.colcon_core.package_identification:_identify(src/data/30618_27e994fc) by extension 'ignore_ament_install'
[0.394s] Level 1:colcon.colcon_core.package_identification:_identify(src/data/30618_27e994fc) by extensions ['colcon_pkg']
[0.394s] Level 1:colcon.colcon_core.package_identification:_identify(src/data/30618_27e994fc) by extension 'colcon_pkg'
[0.394s] Level 1:colcon.colcon_core.package_identification:_identify(src/data/30618_27e994fc) by extensions ['colcon_meta']
[0.394s] Level 1:colcon.colcon_core.package_identification:_identify(src/data/30618_27e994fc) by extension 'colcon_meta'
[0.394s] Level 1:colcon.colcon_core.package_identification:_identify(src/data/30618_27e994fc) by extensions ['ros']
[0.394s] Level 1:colcon.colcon_core.package_identification:_identify(src/data/30618_27e994fc) by extension 'ros'
[0.394s] Level 1:colcon.colcon_core.package_identification:_identify(src/data/30618_27e994fc) by extensions ['cmake', 'python']
[0.394s] Level 1:colcon.colcon_core.package_identification:_identify(src/data/30618_27e994fc) by extension 'cmake'
[0.394s] Level 1:colcon.colcon_core.package_identification:_identify(src/data/30618_27e994fc) by extension 'python'
[0.394s] Level 1:colcon.colcon_core.package_identification:_identify(src/data/30618_27e994fc) by extensions ['python_setup_py']
[0.394s] Level 1:colcon.colcon_core.package_identification:_identify(src/data/30618_27e994fc) by extension 'python_setup_py'
[0.394s] Level 1:colcon.colcon_core.package_identification:_identify(src/data/30618_28538acf) by extensions ['ignore', 'ignore_ament_install']
[0.394s] Level 1:colcon.colcon_core.package_identification:_identify(src/data/30618_28538acf) by extension 'ignore'
[0.394s] Level 1:colcon.colcon_core.package_identification:_identify(src/data/30618_28538acf) by extension 'ignore_ament_install'
[0.394s] Level 1:colcon.colcon_core.package_identification:_identify(src/data/30618_28538acf) by extensions ['colcon_pkg']
[0.394s] Level 1:colcon.colcon_core.package_identification:_identify(src/data/30618_28538acf) by extension 'colcon_pkg'
[0.394s] Level 1:colcon.colcon_core.package_identification:_identify(src/data/30618_28538acf) by extensions ['colcon_meta']
[0.394s] Level 1:colcon.colcon_core.package_identification:_identify(src/data/30618_28538acf) by extension 'colcon_meta'
[0.394s] Level 1:colcon.colcon_core.package_identification:_identify(src/data/30618_28538acf) by extensions ['ros']
[0.394s] Level 1:colcon.colcon_core.package_identification:_identify(src/data/30618_28538acf) by extension 'ros'
[0.394s] Level 1:colcon.colcon_core.package_identification:_identify(src/data/30618_28538acf) by extensions ['cmake', 'python']
[0.394s] Level 1:colcon.colcon_core.package_identification:_identify(src/data/30618_28538acf) by extension 'cmake'
[0.394s] Level 1:colcon.colcon_core.package_identification:_identify(src/data/30618_28538acf) by extension 'python'
[0.394s] Level 1:colcon.colcon_core.package_identification:_identify(src/data/30618_28538acf) by extensions ['python_setup_py']
[0.394s] Level 1:colcon.colcon_core.package_identification:_identify(src/data/30618_28538acf) by extension 'python_setup_py'
[0.394s] Level 1:colcon.colcon_core.package_identification:_identify(src/data/30618_2cb9ce37) by extensions ['ignore', 'ignore_ament_install']
[0.394s] Level 1:colcon.colcon_core.package_identification:_identify(src/data/30618_2cb9ce37) by extension 'ignore'
[0.394s] Level 1:colcon.colcon_core.package_identification:_identify(src/data/30618_2cb9ce37) by extension 'ignore_ament_install'
[0.394s] Level 1:colcon.colcon_core.package_identification:_identify(src/data/30618_2cb9ce37) by extensions ['colcon_pkg']
[0.394s] Level 1:colcon.colcon_core.package_identification:_identify(src/data/30618_2cb9ce37) by extension 'colcon_pkg'
[0.394s] Level 1:colcon.colcon_core.package_identification:_identify(src/data/30618_2cb9ce37) by extensions ['colcon_meta']
[0.394s] Level 1:colcon.colcon_core.package_identification:_identify(src/data/30618_2cb9ce37) by extension 'colcon_meta'
[0.394s] Level 1:colcon.colcon_core.package_identification:_identify(src/data/30618_2cb9ce37) by extensions ['ros']
[0.394s] Level 1:colcon.colcon_core.package_identification:_identify(src/data/30618_2cb9ce37) by extension 'ros'
[0.394s] Level 1:colcon.colcon_core.package_identification:_identify(src/data/30618_2cb9ce37) by extensions ['cmake', 'python']
[0.394s] Level 1:colcon.colcon_core.package_identification:_identify(src/data/30618_2cb9ce37) by extension 'cmake'
[0.394s] Level 1:colcon.colcon_core.package_identification:_identify(src/data/30618_2cb9ce37) by extension 'python'
[0.394s] Level 1:colcon.colcon_core.package_identification:_identify(src/data/30618_2cb9ce37) by extensions ['python_setup_py']
[0.394s] Level 1:colcon.colcon_core.package_identification:_identify(src/data/30618_2cb9ce37) by extension 'python_setup_py'
[0.394s] Level 1:colcon.colcon_core.package_identification:_identify(src/data/30618_2d2fa7be) by extensions ['ignore', 'ignore_ament_install']
[0.394s] Level 1:colcon.colcon_core.package_identification:_identify(src/data/30618_2d2fa7be) by extension 'ignore'
[0.395s] Level 1:colcon.colcon_core.package_identification:_identify(src/data/30618_2d2fa7be) by extension 'ignore_ament_install'
[0.395s] Level 1:colcon.colcon_core.package_identification:_identify(src/data/30618_2d2fa7be) by extensions ['colcon_pkg']
[0.395s] Level 1:colcon.colcon_core.package_identification:_identify(src/data/30618_2d2fa7be) by extension 'colcon_pkg'
[0.395s] Level 1:colcon.colcon_core.package_identification:_identify(src/data/30618_2d2fa7be) by extensions ['colcon_meta']
[0.395s] Level 1:colcon.colcon_core.package_identification:_identify(src/data/30618_2d2fa7be) by extension 'colcon_meta'
[0.395s] Level 1:colcon.colcon_core.package_identification:_identify(src/data/30618_2d2fa7be) by extensions ['ros']
[0.395s] Level 1:colcon.colcon_core.package_identification:_identify(src/data/30618_2d2fa7be) by extension 'ros'
[0.395s] Level 1:colcon.colcon_core.package_identification:_identify(src/data/30618_2d2fa7be) by extensions ['cmake', 'python']
[0.395s] Level 1:colcon.colcon_core.package_identification:_identify(src/data/30618_2d2fa7be) by extension 'cmake'
[0.395s] Level 1:colcon.colcon_core.package_identification:_identify(src/data/30618_2d2fa7be) by extension 'python'
[0.395s] Level 1:colcon.colcon_core.package_identification:_identify(src/data/30618_2d2fa7be) by extensions ['python_setup_py']
[0.395s] Level 1:colcon.colcon_core.package_identification:_identify(src/data/30618_2d2fa7be) by extension 'python_setup_py'
[0.395s] Level 1:colcon.colcon_core.package_identification:_identify(src/data/30618_2dbce472) by extensions ['ignore', 'ignore_ament_install']
[0.395s] Level 1:colcon.colcon_core.package_identification:_identify(src/data/30618_2dbce472) by extension 'ignore'
[0.395s] Level 1:colcon.colcon_core.package_identification:_identify(src/data/30618_2dbce472) by extension 'ignore_ament_install'
[0.395s] Level 1:colcon.colcon_core.package_identification:_identify(src/data/30618_2dbce472) by extensions ['colcon_pkg']
[0.395s] Level 1:colcon.colcon_core.package_identification:_identify(src/data/30618_2dbce472) by extension 'colcon_pkg'
[0.395s] Level 1:colcon.colcon_core.package_identification:_identify(src/data/30618_2dbce472) by extensions ['colcon_meta']
[0.395s] Level 1:colcon.colcon_core.package_identification:_identify(src/data/30618_2dbce472) by extension 'colcon_meta'
[0.395s] Level 1:colcon.colcon_core.package_identification:_identify(src/data/30618_2dbce472) by extensions ['ros']
[0.395s] Level 1:colcon.colcon_core.package_identification:_identify(src/data/30618_2dbce472) by extension 'ros'
[0.395s] Level 1:colcon.colcon_core.package_identification:_identify(src/data/30618_2dbce472) by extensions ['cmake', 'python']
[0.395s] Level 1:colcon.colcon_core.package_identification:_identify(src/data/30618_2dbce472) by extension 'cmake'
[0.395s] Level 1:colcon.colcon_core.package_identification:_identify(src/data/30618_2dbce472) by extension 'python'
[0.395s] Level 1:colcon.colcon_core.package_identification:_identify(src/data/30618_2dbce472) by extensions ['python_setup_py']
[0.395s] Level 1:colcon.colcon_core.package_identification:_identify(src/data/30618_2dbce472) by extension 'python_setup_py'
[0.395s] Level 1:colcon.colcon_core.package_identification:_identify(src/data/30618_2f104a1d) by extensions ['ignore', 'ignore_ament_install']
[0.395s] Level 1:colcon.colcon_core.package_identification:_identify(src/data/30618_2f104a1d) by extension 'ignore'
[0.395s] Level 1:colcon.colcon_core.package_identification:_identify(src/data/30618_2f104a1d) by extension 'ignore_ament_install'
[0.395s] Level 1:colcon.colcon_core.package_identification:_identify(src/data/30618_2f104a1d) by extensions ['colcon_pkg']
[0.395s] Level 1:colcon.colcon_core.package_identification:_identify(src/data/30618_2f104a1d) by extension 'colcon_pkg'
[0.395s] Level 1:colcon.colcon_core.package_identification:_identify(src/data/30618_2f104a1d) by extensions ['colcon_meta']
[0.395s] Level 1:colcon.colcon_core.package_identification:_identify(src/data/30618_2f104a1d) by extension 'colcon_meta'
[0.395s] Level 1:colcon.colcon_core.package_identification:_identify(src/data/30618_2f104a1d) by extensions ['ros']
[0.395s] Level 1:colcon.colcon_core.package_identification:_identify(src/data/30618_2f104a1d) by extension 'ros'
[0.395s] Level 1:colcon.colcon_core.package_identification:_identify(src/data/30618_2f104a1d) by extensions ['cmake', 'python']
[0.395s] Level 1:colcon.colcon_core.package_identification:_identify(src/data/30618_2f104a1d) by extension 'cmake'
[0.395s] Level 1:colcon.colcon_core.package_identification:_identify(src/data/30618_2f104a1d) by extension 'python'
[0.395s] Level 1:colcon.colcon_core.package_identification:_identify(src/data/30618_2f104a1d) by extensions ['python_setup_py']
[0.395s] Level 1:colcon.colcon_core.package_identification:_identify(src/data/30618_2f104a1d) by extension 'python_setup_py'
[0.395s] Level 1:colcon.colcon_core.package_identification:_identify(src/data/30618_2f2f1175) by extensions ['ignore', 'ignore_ament_install']
[0.395s] Level 1:colcon.colcon_core.package_identification:_identify(src/data/30618_2f2f1175) by extension 'ignore'
[0.396s] Level 1:colcon.colcon_core.package_identification:_identify(src/data/30618_2f2f1175) by extension 'ignore_ament_install'
[0.396s] Level 1:colcon.colcon_core.package_identification:_identify(src/data/30618_2f2f1175) by extensions ['colcon_pkg']
[0.396s] Level 1:colcon.colcon_core.package_identification:_identify(src/data/30618_2f2f1175) by extension 'colcon_pkg'
[0.396s] Level 1:colcon.colcon_core.package_identification:_identify(src/data/30618_2f2f1175) by extensions ['colcon_meta']
[0.396s] Level 1:colcon.colcon_core.package_identification:_identify(src/data/30618_2f2f1175) by extension 'colcon_meta'
[0.396s] Level 1:colcon.colcon_core.package_identification:_identify(src/data/30618_2f2f1175) by extensions ['ros']
[0.396s] Level 1:colcon.colcon_core.package_identification:_identify(src/data/30618_2f2f1175) by extension 'ros'
[0.396s] Level 1:colcon.colcon_core.package_identification:_identify(src/data/30618_2f2f1175) by extensions ['cmake', 'python']
[0.396s] Level 1:colcon.colcon_core.package_identification:_identify(src/data/30618_2f2f1175) by extension 'cmake'
[0.396s] Level 1:colcon.colcon_core.package_identification:_identify(src/data/30618_2f2f1175) by extension 'python'
[0.396s] Level 1:colcon.colcon_core.package_identification:_identify(src/data/30618_2f2f1175) by extensions ['python_setup_py']
[0.396s] Level 1:colcon.colcon_core.package_identification:_identify(src/data/30618_2f2f1175) by extension 'python_setup_py'
[0.396s] Level 1:colcon.colcon_core.package_identification:_identify(src/data/30618_33bec73f) by extensions ['ignore', 'ignore_ament_install']
[0.396s] Level 1:colcon.colcon_core.package_identification:_identify(src/data/30618_33bec73f) by extension 'ignore'
[0.396s] Level 1:colcon.colcon_core.package_identification:_identify(src/data/30618_33bec73f) by extension 'ignore_ament_install'
[0.396s] Level 1:colcon.colcon_core.package_identification:_identify(src/data/30618_33bec73f) by extensions ['colcon_pkg']
[0.396s] Level 1:colcon.colcon_core.package_identification:_identify(src/data/30618_33bec73f) by extension 'colcon_pkg'
[0.396s] Level 1:colcon.colcon_core.package_identification:_identify(src/data/30618_33bec73f) by extensions ['colcon_meta']
[0.396s] Level 1:colcon.colcon_core.package_identification:_identify(src/data/30618_33bec73f) by extension 'colcon_meta'
[0.396s] Level 1:colcon.colcon_core.package_identification:_identify(src/data/30618_33bec73f) by extensions ['ros']
[0.396s] Level 1:colcon.colcon_core.package_identification:_identify(src/data/30618_33bec73f) by extension 'ros'
[0.396s] Level 1:colcon.colcon_core.package_identification:_identify(src/data/30618_33bec73f) by extensions ['cmake', 'python']
[0.396s] Level 1:colcon.colcon_core.package_identification:_identify(src/data/30618_33bec73f) by extension 'cmake'
[0.396s] Level 1:colcon.colcon_core.package_identification:_identify(src/data/30618_33bec73f) by extension 'python'
[0.396s] Level 1:colcon.colcon_core.package_identification:_identify(src/data/30618_33bec73f) by extensions ['python_setup_py']
[0.396s] Level 1:colcon.colcon_core.package_identification:_identify(src/data/30618_33bec73f) by extension 'python_setup_py'
[0.396s] Level 1:colcon.colcon_core.package_identification:_identify(src/data/30618_3b36e5cd) by extensions ['ignore', 'ignore_ament_install']
[0.396s] Level 1:colcon.colcon_core.package_identification:_identify(src/data/30618_3b36e5cd) by extension 'ignore'
[0.396s] Level 1:colcon.colcon_core.package_identification:_identify(src/data/30618_3b36e5cd) by extension 'ignore_ament_install'
[0.396s] Level 1:colcon.colcon_core.package_identification:_identify(src/data/30618_3b36e5cd) by extensions ['colcon_pkg']
[0.396s] Level 1:colcon.colcon_core.package_identification:_identify(src/data/30618_3b36e5cd) by extension 'colcon_pkg'
[0.396s] Level 1:colcon.colcon_core.package_identification:_identify(src/data/30618_3b36e5cd) by extensions ['colcon_meta']
[0.396s] Level 1:colcon.colcon_core.package_identification:_identify(src/data/30618_3b36e5cd) by extension 'colcon_meta'
[0.396s] Level 1:colcon.colcon_core.package_identification:_identify(src/data/30618_3b36e5cd) by extensions ['ros']
[0.396s] Level 1:colcon.colcon_core.package_identification:_identify(src/data/30618_3b36e5cd) by extension 'ros'
[0.396s] Level 1:colcon.colcon_core.package_identification:_identify(src/data/30618_3b36e5cd) by extensions ['cmake', 'python']
[0.396s] Level 1:colcon.colcon_core.package_identification:_identify(src/data/30618_3b36e5cd) by extension 'cmake'
[0.396s] Level 1:colcon.colcon_core.package_identification:_identify(src/data/30618_3b36e5cd) by extension 'python'
[0.396s] Level 1:colcon.colcon_core.package_identification:_identify(src/data/30618_3b36e5cd) by extensions ['python_setup_py']
[0.396s] Level 1:colcon.colcon_core.package_identification:_identify(src/data/30618_3b36e5cd) by extension 'python_setup_py'
[0.396s] Level 1:colcon.colcon_core.package_identification:_identify(src/data/30618_3ba2326f) by extensions ['ignore', 'ignore_ament_install']
[0.396s] Level 1:colcon.colcon_core.package_identification:_identify(src/data/30618_3ba2326f) by extension 'ignore'
[0.396s] Level 1:colcon.colcon_core.package_identification:_identify(src/data/30618_3ba2326f) by extension 'ignore_ament_install'
[0.396s] Level 1:colcon.colcon_core.package_identification:_identify(src/data/30618_3ba2326f) by extensions ['colcon_pkg']
[0.396s] Level 1:colcon.colcon_core.package_identification:_identify(src/data/30618_3ba2326f) by extension 'colcon_pkg'
[0.396s] Level 1:colcon.colcon_core.package_identification:_identify(src/data/30618_3ba2326f) by extensions ['colcon_meta']
[0.396s] Level 1:colcon.colcon_core.package_identification:_identify(src/data/30618_3ba2326f) by extension 'colcon_meta'
[0.396s] Level 1:colcon.colcon_core.package_identification:_identify(src/data/30618_3ba2326f) by extensions ['ros']
[0.396s] Level 1:colcon.colcon_core.package_identification:_identify(src/data/30618_3ba2326f) by extension 'ros'
[0.396s] Level 1:colcon.colcon_core.package_identification:_identify(src/data/30618_3ba2326f) by extensions ['cmake', 'python']
[0.396s] Level 1:colcon.colcon_core.package_identification:_identify(src/data/30618_3ba2326f) by extension 'cmake'
[0.397s] Level 1:colcon.colcon_core.package_identification:_identify(src/data/30618_3ba2326f) by extension 'python'
[0.397s] Level 1:colcon.colcon_core.package_identification:_identify(src/data/30618_3ba2326f) by extensions ['python_setup_py']
[0.397s] Level 1:colcon.colcon_core.package_identification:_identify(src/data/30618_3ba2326f) by extension 'python_setup_py'
[0.397s] Level 1:colcon.colcon_core.package_identification:_identify(src/data/30618_3e012faf) by extensions ['ignore', 'ignore_ament_install']
[0.397s] Level 1:colcon.colcon_core.package_identification:_identify(src/data/30618_3e012faf) by extension 'ignore'
[0.397s] Level 1:colcon.colcon_core.package_identification:_identify(src/data/30618_3e012faf) by extension 'ignore_ament_install'
[0.397s] Level 1:colcon.colcon_core.package_identification:_identify(src/data/30618_3e012faf) by extensions ['colcon_pkg']
[0.397s] Level 1:colcon.colcon_core.package_identification:_identify(src/data/30618_3e012faf) by extension 'colcon_pkg'
[0.397s] Level 1:colcon.colcon_core.package_identification:_identify(src/data/30618_3e012faf) by extensions ['colcon_meta']
[0.397s] Level 1:colcon.colcon_core.package_identification:_identify(src/data/30618_3e012faf) by extension 'colcon_meta'
[0.397s] Level 1:colcon.colcon_core.package_identification:_identify(src/data/30618_3e012faf) by extensions ['ros']
[0.397s] Level 1:colcon.colcon_core.package_identification:_identify(src/data/30618_3e012faf) by extension 'ros'
[0.397s] Level 1:colcon.colcon_core.package_identification:_identify(src/data/30618_3e012faf) by extensions ['cmake', 'python']
[0.397s] Level 1:colcon.colcon_core.package_identification:_identify(src/data/30618_3e012faf) by extension 'cmake'
[0.397s] Level 1:colcon.colcon_core.package_identification:_identify(src/data/30618_3e012faf) by extension 'python'
[0.397s] Level 1:colcon.colcon_core.package_identification:_identify(src/data/30618_3e012faf) by extensions ['python_setup_py']
[0.397s] Level 1:colcon.colcon_core.package_identification:_identify(src/data/30618_3e012faf) by extension 'python_setup_py'
[0.397s] Level 1:colcon.colcon_core.package_identification:_identify(src/data/30618_3e9f4952) by extensions ['ignore', 'ignore_ament_install']
[0.397s] Level 1:colcon.colcon_core.package_identification:_identify(src/data/30618_3e9f4952) by extension 'ignore'
[0.397s] Level 1:colcon.colcon_core.package_identification:_identify(src/data/30618_3e9f4952) by extension 'ignore_ament_install'
[0.397s] Level 1:colcon.colcon_core.package_identification:_identify(src/data/30618_3e9f4952) by extensions ['colcon_pkg']
[0.397s] Level 1:colcon.colcon_core.package_identification:_identify(src/data/30618_3e9f4952) by extension 'colcon_pkg'
[0.397s] Level 1:colcon.colcon_core.package_identification:_identify(src/data/30618_3e9f4952) by extensions ['colcon_meta']
[0.397s] Level 1:colcon.colcon_core.package_identification:_identify(src/data/30618_3e9f4952) by extension 'colcon_meta'
[0.397s] Level 1:colcon.colcon_core.package_identification:_identify(src/data/30618_3e9f4952) by extensions ['ros']
[0.397s] Level 1:colcon.colcon_core.package_identification:_identify(src/data/30618_3e9f4952) by extension 'ros'
[0.397s] Level 1:colcon.colcon_core.package_identification:_identify(src/data/30618_3e9f4952) by extensions ['cmake', 'python']
[0.397s] Level 1:colcon.colcon_core.package_identification:_identify(src/data/30618_3e9f4952) by extension 'cmake'
[0.397s] Level 1:colcon.colcon_core.package_identification:_identify(src/data/30618_3e9f4952) by extension 'python'
[0.397s] Level 1:colcon.colcon_core.package_identification:_identify(src/data/30618_3e9f4952) by extensions ['python_setup_py']
[0.397s] Level 1:colcon.colcon_core.package_identification:_identify(src/data/30618_3e9f4952) by extension 'python_setup_py'
[0.397s] Level 1:colcon.colcon_core.package_identification:_identify(src/data/30618_40ffd323) by extensions ['ignore', 'ignore_ament_install']
[0.397s] Level 1:colcon.colcon_core.package_identification:_identify(src/data/30618_40ffd323) by extension 'ignore'
[0.397s] Level 1:colcon.colcon_core.package_identification:_identify(src/data/30618_40ffd323) by extension 'ignore_ament_install'
[0.397s] Level 1:colcon.colcon_core.package_identification:_identify(src/data/30618_40ffd323) by extensions ['colcon_pkg']
[0.397s] Level 1:colcon.colcon_core.package_identification:_identify(src/data/30618_40ffd323) by extension 'colcon_pkg'
[0.397s] Level 1:colcon.colcon_core.package_identification:_identify(src/data/30618_40ffd323) by extensions ['colcon_meta']
[0.397s] Level 1:colcon.colcon_core.package_identification:_identify(src/data/30618_40ffd323) by extension 'colcon_meta'
[0.397s] Level 1:colcon.colcon_core.package_identification:_identify(src/data/30618_40ffd323) by extensions ['ros']
[0.397s] Level 1:colcon.colcon_core.package_identification:_identify(src/data/30618_40ffd323) by extension 'ros'
[0.397s] Level 1:colcon.colcon_core.package_identification:_identify(src/data/30618_40ffd323) by extensions ['cmake', 'python']
[0.397s] Level 1:colcon.colcon_core.package_identification:_identify(src/data/30618_40ffd323) by extension 'cmake'
[0.397s] Level 1:colcon.colcon_core.package_identification:_identify(src/data/30618_40ffd323) by extension 'python'
[0.397s] Level 1:colcon.colcon_core.package_identification:_identify(src/data/30618_40ffd323) by extensions ['python_setup_py']
[0.397s] Level 1:colcon.colcon_core.package_identification:_identify(src/data/30618_40ffd323) by extension 'python_setup_py'
[0.397s] Level 1:colcon.colcon_core.package_identification:_identify(src/data/30618_437e855c) by extensions ['ignore', 'ignore_ament_install']
[0.397s] Level 1:colcon.colcon_core.package_identification:_identify(src/data/30618_437e855c) by extension 'ignore'
[0.397s] Level 1:colcon.colcon_core.package_identification:_identify(src/data/30618_437e855c) by extension 'ignore_ament_install'
[0.398s] Level 1:colcon.colcon_core.package_identification:_identify(src/data/30618_437e855c) by extensions ['colcon_pkg']
[0.398s] Level 1:colcon.colcon_core.package_identification:_identify(src/data/30618_437e855c) by extension 'colcon_pkg'
[0.398s] Level 1:colcon.colcon_core.package_identification:_identify(src/data/30618_437e855c) by extensions ['colcon_meta']
[0.398s] Level 1:colcon.colcon_core.package_identification:_identify(src/data/30618_437e855c) by extension 'colcon_meta'
[0.398s] Level 1:colcon.colcon_core.package_identification:_identify(src/data/30618_437e855c) by extensions ['ros']
[0.398s] Level 1:colcon.colcon_core.package_identification:_identify(src/data/30618_437e855c) by extension 'ros'
[0.398s] Level 1:colcon.colcon_core.package_identification:_identify(src/data/30618_437e855c) by extensions ['cmake', 'python']
[0.398s] Level 1:colcon.colcon_core.package_identification:_identify(src/data/30618_437e855c) by extension 'cmake'
[0.398s] Level 1:colcon.colcon_core.package_identification:_identify(src/data/30618_437e855c) by extension 'python'
[0.398s] Level 1:colcon.colcon_core.package_identification:_identify(src/data/30618_437e855c) by extensions ['python_setup_py']
[0.398s] Level 1:colcon.colcon_core.package_identification:_identify(src/data/30618_437e855c) by extension 'python_setup_py'
[0.398s] Level 1:colcon.colcon_core.package_identification:_identify(src/data/30618_45ff6f99) by extensions ['ignore', 'ignore_ament_install']
[0.398s] Level 1:colcon.colcon_core.package_identification:_identify(src/data/30618_45ff6f99) by extension 'ignore'
[0.398s] Level 1:colcon.colcon_core.package_identification:_identify(src/data/30618_45ff6f99) by extension 'ignore_ament_install'
[0.398s] Level 1:colcon.colcon_core.package_identification:_identify(src/data/30618_45ff6f99) by extensions ['colcon_pkg']
[0.398s] Level 1:colcon.colcon_core.package_identification:_identify(src/data/30618_45ff6f99) by extension 'colcon_pkg'
[0.398s] Level 1:colcon.colcon_core.package_identification:_identify(src/data/30618_45ff6f99) by extensions ['colcon_meta']
[0.398s] Level 1:colcon.colcon_core.package_identification:_identify(src/data/30618_45ff6f99) by extension 'colcon_meta'
[0.398s] Level 1:colcon.colcon_core.package_identification:_identify(src/data/30618_45ff6f99) by extensions ['ros']
[0.398s] Level 1:colcon.colcon_core.package_identification:_identify(src/data/30618_45ff6f99) by extension 'ros'
[0.398s] Level 1:colcon.colcon_core.package_identification:_identify(src/data/30618_45ff6f99) by extensions ['cmake', 'python']
[0.398s] Level 1:colcon.colcon_core.package_identification:_identify(src/data/30618_45ff6f99) by extension 'cmake'
[0.398s] Level 1:colcon.colcon_core.package_identification:_identify(src/data/30618_45ff6f99) by extension 'python'
[0.398s] Level 1:colcon.colcon_core.package_identification:_identify(src/data/30618_45ff6f99) by extensions ['python_setup_py']
[0.398s] Level 1:colcon.colcon_core.package_identification:_identify(src/data/30618_45ff6f99) by extension 'python_setup_py'
[0.398s] Level 1:colcon.colcon_core.package_identification:_identify(src/data/30618_46e21b9b) by extensions ['ignore', 'ignore_ament_install']
[0.398s] Level 1:colcon.colcon_core.package_identification:_identify(src/data/30618_46e21b9b) by extension 'ignore'
[0.398s] Level 1:colcon.colcon_core.package_identification:_identify(src/data/30618_46e21b9b) by extension 'ignore_ament_install'
[0.398s] Level 1:colcon.colcon_core.package_identification:_identify(src/data/30618_46e21b9b) by extensions ['colcon_pkg']
[0.398s] Level 1:colcon.colcon_core.package_identification:_identify(src/data/30618_46e21b9b) by extension 'colcon_pkg'
[0.398s] Level 1:colcon.colcon_core.package_identification:_identify(src/data/30618_46e21b9b) by extensions ['colcon_meta']
[0.398s] Level 1:colcon.colcon_core.package_identification:_identify(src/data/30618_46e21b9b) by extension 'colcon_meta'
[0.398s] Level 1:colcon.colcon_core.package_identification:_identify(src/data/30618_46e21b9b) by extensions ['ros']
[0.398s] Level 1:colcon.colcon_core.package_identification:_identify(src/data/30618_46e21b9b) by extension 'ros'
[0.398s] Level 1:colcon.colcon_core.package_identification:_identify(src/data/30618_46e21b9b) by extensions ['cmake', 'python']
[0.398s] Level 1:colcon.colcon_core.package_identification:_identify(src/data/30618_46e21b9b) by extension 'cmake'
[0.398s] Level 1:colcon.colcon_core.package_identification:_identify(src/data/30618_46e21b9b) by extension 'python'
[0.398s] Level 1:colcon.colcon_core.package_identification:_identify(src/data/30618_46e21b9b) by extensions ['python_setup_py']
[0.398s] Level 1:colcon.colcon_core.package_identification:_identify(src/data/30618_46e21b9b) by extension 'python_setup_py'
[0.398s] Level 1:colcon.colcon_core.package_identification:_identify(src/data/30618_49fe4c54) by extensions ['ignore', 'ignore_ament_install']
[0.398s] Level 1:colcon.colcon_core.package_identification:_identify(src/data/30618_49fe4c54) by extension 'ignore'
[0.398s] Level 1:colcon.colcon_core.package_identification:_identify(src/data/30618_49fe4c54) by extension 'ignore_ament_install'
[0.398s] Level 1:colcon.colcon_core.package_identification:_identify(src/data/30618_49fe4c54) by extensions ['colcon_pkg']
[0.398s] Level 1:colcon.colcon_core.package_identification:_identify(src/data/30618_49fe4c54) by extension 'colcon_pkg'
[0.398s] Level 1:colcon.colcon_core.package_identification:_identify(src/data/30618_49fe4c54) by extensions ['colcon_meta']
[0.398s] Level 1:colcon.colcon_core.package_identification:_identify(src/data/30618_49fe4c54) by extension 'colcon_meta'
[0.398s] Level 1:colcon.colcon_core.package_identification:_identify(src/data/30618_49fe4c54) by extensions ['ros']
[0.398s] Level 1:colcon.colcon_core.package_identification:_identify(src/data/30618_49fe4c54) by extension 'ros'
[0.398s] Level 1:colcon.colcon_core.package_identification:_identify(src/data/30618_49fe4c54) by extensions ['cmake', 'python']
[0.398s] Level 1:colcon.colcon_core.package_identification:_identify(src/data/30618_49fe4c54) by extension 'cmake'
[0.398s] Level 1:colcon.colcon_core.package_identification:_identify(src/data/30618_49fe4c54) by extension 'python'
[0.398s] Level 1:colcon.colcon_core.package_identification:_identify(src/data/30618_49fe4c54) by extensions ['python_setup_py']
[0.398s] Level 1:colcon.colcon_core.package_identification:_identify(src/data/30618_49fe4c54) by extension 'python_setup_py'
[0.399s] Level 1:colcon.colcon_core.package_identification:_identify(src/data/30618_4d487b0d) by extensions ['ignore', 'ignore_ament_install']
[0.399s] Level 1:colcon.colcon_core.package_identification:_identify(src/data/30618_4d487b0d) by extension 'ignore'
[0.399s] Level 1:colcon.colcon_core.package_identification:_identify(src/data/30618_4d487b0d) by extension 'ignore_ament_install'
[0.399s] Level 1:colcon.colcon_core.package_identification:_identify(src/data/30618_4d487b0d) by extensions ['colcon_pkg']
[0.399s] Level 1:colcon.colcon_core.package_identification:_identify(src/data/30618_4d487b0d) by extension 'colcon_pkg'
[0.399s] Level 1:colcon.colcon_core.package_identification:_identify(src/data/30618_4d487b0d) by extensions ['colcon_meta']
[0.399s] Level 1:colcon.colcon_core.package_identification:_identify(src/data/30618_4d487b0d) by extension 'colcon_meta'
[0.399s] Level 1:colcon.colcon_core.package_identification:_identify(src/data/30618_4d487b0d) by extensions ['ros']
[0.399s] Level 1:colcon.colcon_core.package_identification:_identify(src/data/30618_4d487b0d) by extension 'ros'
[0.399s] Level 1:colcon.colcon_core.package_identification:_identify(src/data/30618_4d487b0d) by extensions ['cmake', 'python']
[0.399s] Level 1:colcon.colcon_core.package_identification:_identify(src/data/30618_4d487b0d) by extension 'cmake'
[0.399s] Level 1:colcon.colcon_core.package_identification:_identify(src/data/30618_4d487b0d) by extension 'python'
[0.399s] Level 1:colcon.colcon_core.package_identification:_identify(src/data/30618_4d487b0d) by extensions ['python_setup_py']
[0.399s] Level 1:colcon.colcon_core.package_identification:_identify(src/data/30618_4d487b0d) by extension 'python_setup_py'
[0.399s] Level 1:colcon.colcon_core.package_identification:_identify(src/data/30618_4e1e3181) by extensions ['ignore', 'ignore_ament_install']
[0.399s] Level 1:colcon.colcon_core.package_identification:_identify(src/data/30618_4e1e3181) by extension 'ignore'
[0.399s] Level 1:colcon.colcon_core.package_identification:_identify(src/data/30618_4e1e3181) by extension 'ignore_ament_install'
[0.399s] Level 1:colcon.colcon_core.package_identification:_identify(src/data/30618_4e1e3181) by extensions ['colcon_pkg']
[0.399s] Level 1:colcon.colcon_core.package_identification:_identify(src/data/30618_4e1e3181) by extension 'colcon_pkg'
[0.399s] Level 1:colcon.colcon_core.package_identification:_identify(src/data/30618_4e1e3181) by extensions ['colcon_meta']
[0.399s] Level 1:colcon.colcon_core.package_identification:_identify(src/data/30618_4e1e3181) by extension 'colcon_meta'
[0.399s] Level 1:colcon.colcon_core.package_identification:_identify(src/data/30618_4e1e3181) by extensions ['ros']
[0.399s] Level 1:colcon.colcon_core.package_identification:_identify(src/data/30618_4e1e3181) by extension 'ros'
[0.399s] Level 1:colcon.colcon_core.package_identification:_identify(src/data/30618_4e1e3181) by extensions ['cmake', 'python']
[0.399s] Level 1:colcon.colcon_core.package_identification:_identify(src/data/30618_4e1e3181) by extension 'cmake'
[0.399s] Level 1:colcon.colcon_core.package_identification:_identify(src/data/30618_4e1e3181) by extension 'python'
[0.399s] Level 1:colcon.colcon_core.package_identification:_identify(src/data/30618_4e1e3181) by extensions ['python_setup_py']
[0.399s] Level 1:colcon.colcon_core.package_identification:_identify(src/data/30618_4e1e3181) by extension 'python_setup_py'
[0.399s] Level 1:colcon.colcon_core.package_identification:_identify(src/data/30618_5036aa78) by extensions ['ignore', 'ignore_ament_install']
[0.399s] Level 1:colcon.colcon_core.package_identification:_identify(src/data/30618_5036aa78) by extension 'ignore'
[0.399s] Level 1:colcon.colcon_core.package_identification:_identify(src/data/30618_5036aa78) by extension 'ignore_ament_install'
[0.399s] Level 1:colcon.colcon_core.package_identification:_identify(src/data/30618_5036aa78) by extensions ['colcon_pkg']
[0.399s] Level 1:colcon.colcon_core.package_identification:_identify(src/data/30618_5036aa78) by extension 'colcon_pkg'
[0.399s] Level 1:colcon.colcon_core.package_identification:_identify(src/data/30618_5036aa78) by extensions ['colcon_meta']
[0.399s] Level 1:colcon.colcon_core.package_identification:_identify(src/data/30618_5036aa78) by extension 'colcon_meta'
[0.399s] Level 1:colcon.colcon_core.package_identification:_identify(src/data/30618_5036aa78) by extensions ['ros']
[0.399s] Level 1:colcon.colcon_core.package_identification:_identify(src/data/30618_5036aa78) by extension 'ros'
[0.399s] Level 1:colcon.colcon_core.package_identification:_identify(src/data/30618_5036aa78) by extensions ['cmake', 'python']
[0.399s] Level 1:colcon.colcon_core.package_identification:_identify(src/data/30618_5036aa78) by extension 'cmake'
[0.399s] Level 1:colcon.colcon_core.package_identification:_identify(src/data/30618_5036aa78) by extension 'python'
[0.399s] Level 1:colcon.colcon_core.package_identification:_identify(src/data/30618_5036aa78) by extensions ['python_setup_py']
[0.399s] Level 1:colcon.colcon_core.package_identification:_identify(src/data/30618_5036aa78) by extension 'python_setup_py'
[0.399s] Level 1:colcon.colcon_core.package_identification:_identify(src/data/30618_5eb8d2c9) by extensions ['ignore', 'ignore_ament_install']
[0.399s] Level 1:colcon.colcon_core.package_identification:_identify(src/data/30618_5eb8d2c9) by extension 'ignore'
[0.399s] Level 1:colcon.colcon_core.package_identification:_identify(src/data/30618_5eb8d2c9) by extension 'ignore_ament_install'
[0.399s] Level 1:colcon.colcon_core.package_identification:_identify(src/data/30618_5eb8d2c9) by extensions ['colcon_pkg']
[0.399s] Level 1:colcon.colcon_core.package_identification:_identify(src/data/30618_5eb8d2c9) by extension 'colcon_pkg'
[0.399s] Level 1:colcon.colcon_core.package_identification:_identify(src/data/30618_5eb8d2c9) by extensions ['colcon_meta']
[0.399s] Level 1:colcon.colcon_core.package_identification:_identify(src/data/30618_5eb8d2c9) by extension 'colcon_meta'
[0.400s] Level 1:colcon.colcon_core.package_identification:_identify(src/data/30618_5eb8d2c9) by extensions ['ros']
[0.400s] Level 1:colcon.colcon_core.package_identification:_identify(src/data/30618_5eb8d2c9) by extension 'ros'
[0.400s] Level 1:colcon.colcon_core.package_identification:_identify(src/data/30618_5eb8d2c9) by extensions ['cmake', 'python']
[0.400s] Level 1:colcon.colcon_core.package_identification:_identify(src/data/30618_5eb8d2c9) by extension 'cmake'
[0.400s] Level 1:colcon.colcon_core.package_identification:_identify(src/data/30618_5eb8d2c9) by extension 'python'
[0.400s] Level 1:colcon.colcon_core.package_identification:_identify(src/data/30618_5eb8d2c9) by extensions ['python_setup_py']
[0.400s] Level 1:colcon.colcon_core.package_identification:_identify(src/data/30618_5eb8d2c9) by extension 'python_setup_py'
[0.400s] Level 1:colcon.colcon_core.package_identification:_identify(src/data/30618_616ec56b) by extensions ['ignore', 'ignore_ament_install']
[0.400s] Level 1:colcon.colcon_core.package_identification:_identify(src/data/30618_616ec56b) by extension 'ignore'
[0.400s] Level 1:colcon.colcon_core.package_identification:_identify(src/data/30618_616ec56b) by extension 'ignore_ament_install'
[0.400s] Level 1:colcon.colcon_core.package_identification:_identify(src/data/30618_616ec56b) by extensions ['colcon_pkg']
[0.400s] Level 1:colcon.colcon_core.package_identification:_identify(src/data/30618_616ec56b) by extension 'colcon_pkg'
[0.400s] Level 1:colcon.colcon_core.package_identification:_identify(src/data/30618_616ec56b) by extensions ['colcon_meta']
[0.400s] Level 1:colcon.colcon_core.package_identification:_identify(src/data/30618_616ec56b) by extension 'colcon_meta'
[0.400s] Level 1:colcon.colcon_core.package_identification:_identify(src/data/30618_616ec56b) by extensions ['ros']
[0.400s] Level 1:colcon.colcon_core.package_identification:_identify(src/data/30618_616ec56b) by extension 'ros'
[0.400s] Level 1:colcon.colcon_core.package_identification:_identify(src/data/30618_616ec56b) by extensions ['cmake', 'python']
[0.400s] Level 1:colcon.colcon_core.package_identification:_identify(src/data/30618_616ec56b) by extension 'cmake'
[0.400s] Level 1:colcon.colcon_core.package_identification:_identify(src/data/30618_616ec56b) by extension 'python'
[0.400s] Level 1:colcon.colcon_core.package_identification:_identify(src/data/30618_616ec56b) by extensions ['python_setup_py']
[0.400s] Level 1:colcon.colcon_core.package_identification:_identify(src/data/30618_616ec56b) by extension 'python_setup_py'
[0.400s] Level 1:colcon.colcon_core.package_identification:_identify(src/data/30618_6236f680) by extensions ['ignore', 'ignore_ament_install']
[0.400s] Level 1:colcon.colcon_core.package_identification:_identify(src/data/30618_6236f680) by extension 'ignore'
[0.400s] Level 1:colcon.colcon_core.package_identification:_identify(src/data/30618_6236f680) by extension 'ignore_ament_install'
[0.400s] Level 1:colcon.colcon_core.package_identification:_identify(src/data/30618_6236f680) by extensions ['colcon_pkg']
[0.400s] Level 1:colcon.colcon_core.package_identification:_identify(src/data/30618_6236f680) by extension 'colcon_pkg'
[0.400s] Level 1:colcon.colcon_core.package_identification:_identify(src/data/30618_6236f680) by extensions ['colcon_meta']
[0.400s] Level 1:colcon.colcon_core.package_identification:_identify(src/data/30618_6236f680) by extension 'colcon_meta'
[0.400s] Level 1:colcon.colcon_core.package_identification:_identify(src/data/30618_6236f680) by extensions ['ros']
[0.400s] Level 1:colcon.colcon_core.package_identification:_identify(src/data/30618_6236f680) by extension 'ros'
[0.400s] Level 1:colcon.colcon_core.package_identification:_identify(src/data/30618_6236f680) by extensions ['cmake', 'python']
[0.400s] Level 1:colcon.colcon_core.package_identification:_identify(src/data/30618_6236f680) by extension 'cmake'
[0.400s] Level 1:colcon.colcon_core.package_identification:_identify(src/data/30618_6236f680) by extension 'python'
[0.400s] Level 1:colcon.colcon_core.package_identification:_identify(src/data/30618_6236f680) by extensions ['python_setup_py']
[0.400s] Level 1:colcon.colcon_core.package_identification:_identify(src/data/30618_6236f680) by extension 'python_setup_py'
[0.400s] Level 1:colcon.colcon_core.package_identification:_identify(src/data/30618_67b89902) by extensions ['ignore', 'ignore_ament_install']
[0.400s] Level 1:colcon.colcon_core.package_identification:_identify(src/data/30618_67b89902) by extension 'ignore'
[0.400s] Level 1:colcon.colcon_core.package_identification:_identify(src/data/30618_67b89902) by extension 'ignore_ament_install'
[0.400s] Level 1:colcon.colcon_core.package_identification:_identify(src/data/30618_67b89902) by extensions ['colcon_pkg']
[0.400s] Level 1:colcon.colcon_core.package_identification:_identify(src/data/30618_67b89902) by extension 'colcon_pkg'
[0.400s] Level 1:colcon.colcon_core.package_identification:_identify(src/data/30618_67b89902) by extensions ['colcon_meta']
[0.400s] Level 1:colcon.colcon_core.package_identification:_identify(src/data/30618_67b89902) by extension 'colcon_meta'
[0.400s] Level 1:colcon.colcon_core.package_identification:_identify(src/data/30618_67b89902) by extensions ['ros']
[0.400s] Level 1:colcon.colcon_core.package_identification:_identify(src/data/30618_67b89902) by extension 'ros'
[0.400s] Level 1:colcon.colcon_core.package_identification:_identify(src/data/30618_67b89902) by extensions ['cmake', 'python']
[0.400s] Level 1:colcon.colcon_core.package_identification:_identify(src/data/30618_67b89902) by extension 'cmake'
[0.400s] Level 1:colcon.colcon_core.package_identification:_identify(src/data/30618_67b89902) by extension 'python'
[0.400s] Level 1:colcon.colcon_core.package_identification:_identify(src/data/30618_67b89902) by extensions ['python_setup_py']
[0.400s] Level 1:colcon.colcon_core.package_identification:_identify(src/data/30618_67b89902) by extension 'python_setup_py'
[0.400s] Level 1:colcon.colcon_core.package_identification:_identify(src/data/30618_68847170) by extensions ['ignore', 'ignore_ament_install']
[0.400s] Level 1:colcon.colcon_core.package_identification:_identify(src/data/30618_68847170) by extension 'ignore'
[0.400s] Level 1:colcon.colcon_core.package_identification:_identify(src/data/30618_68847170) by extension 'ignore_ament_install'
[0.400s] Level 1:colcon.colcon_core.package_identification:_identify(src/data/30618_68847170) by extensions ['colcon_pkg']
[0.400s] Level 1:colcon.colcon_core.package_identification:_identify(src/data/30618_68847170) by extension 'colcon_pkg'
[0.400s] Level 1:colcon.colcon_core.package_identification:_identify(src/data/30618_68847170) by extensions ['colcon_meta']
[0.400s] Level 1:colcon.colcon_core.package_identification:_identify(src/data/30618_68847170) by extension 'colcon_meta'
[0.401s] Level 1:colcon.colcon_core.package_identification:_identify(src/data/30618_68847170) by extensions ['ros']
[0.401s] Level 1:colcon.colcon_core.package_identification:_identify(src/data/30618_68847170) by extension 'ros'
[0.401s] Level 1:colcon.colcon_core.package_identification:_identify(src/data/30618_68847170) by extensions ['cmake', 'python']
[0.401s] Level 1:colcon.colcon_core.package_identification:_identify(src/data/30618_68847170) by extension 'cmake'
[0.401s] Level 1:colcon.colcon_core.package_identification:_identify(src/data/30618_68847170) by extension 'python'
[0.401s] Level 1:colcon.colcon_core.package_identification:_identify(src/data/30618_68847170) by extensions ['python_setup_py']
[0.401s] Level 1:colcon.colcon_core.package_identification:_identify(src/data/30618_68847170) by extension 'python_setup_py'
[0.401s] Level 1:colcon.colcon_core.package_identification:_identify(src/data/30618_68d1748a) by extensions ['ignore', 'ignore_ament_install']
[0.401s] Level 1:colcon.colcon_core.package_identification:_identify(src/data/30618_68d1748a) by extension 'ignore'
[0.401s] Level 1:colcon.colcon_core.package_identification:_identify(src/data/30618_68d1748a) by extension 'ignore_ament_install'
[0.401s] Level 1:colcon.colcon_core.package_identification:_identify(src/data/30618_68d1748a) by extensions ['colcon_pkg']
[0.401s] Level 1:colcon.colcon_core.package_identification:_identify(src/data/30618_68d1748a) by extension 'colcon_pkg'
[0.401s] Level 1:colcon.colcon_core.package_identification:_identify(src/data/30618_68d1748a) by extensions ['colcon_meta']
[0.401s] Level 1:colcon.colcon_core.package_identification:_identify(src/data/30618_68d1748a) by extension 'colcon_meta'
[0.401s] Level 1:colcon.colcon_core.package_identification:_identify(src/data/30618_68d1748a) by extensions ['ros']
[0.401s] Level 1:colcon.colcon_core.package_identification:_identify(src/data/30618_68d1748a) by extension 'ros'
[0.401s] Level 1:colcon.colcon_core.package_identification:_identify(src/data/30618_68d1748a) by extensions ['cmake', 'python']
[0.401s] Level 1:colcon.colcon_core.package_identification:_identify(src/data/30618_68d1748a) by extension 'cmake'
[0.401s] Level 1:colcon.colcon_core.package_identification:_identify(src/data/30618_68d1748a) by extension 'python'
[0.401s] Level 1:colcon.colcon_core.package_identification:_identify(src/data/30618_68d1748a) by extensions ['python_setup_py']
[0.401s] Level 1:colcon.colcon_core.package_identification:_identify(src/data/30618_68d1748a) by extension 'python_setup_py'
[0.401s] Level 1:colcon.colcon_core.package_identification:_identify(src/data/30618_6cb3280a) by extensions ['ignore', 'ignore_ament_install']
[0.401s] Level 1:colcon.colcon_core.package_identification:_identify(src/data/30618_6cb3280a) by extension 'ignore'
[0.401s] Level 1:colcon.colcon_core.package_identification:_identify(src/data/30618_6cb3280a) by extension 'ignore_ament_install'
[0.401s] Level 1:colcon.colcon_core.package_identification:_identify(src/data/30618_6cb3280a) by extensions ['colcon_pkg']
[0.402s] Level 1:colcon.colcon_core.package_identification:_identify(src/data/30618_6cb3280a) by extension 'colcon_pkg'
[0.402s] Level 1:colcon.colcon_core.package_identification:_identify(src/data/30618_6cb3280a) by extensions ['colcon_meta']
[0.402s] Level 1:colcon.colcon_core.package_identification:_identify(src/data/30618_6cb3280a) by extension 'colcon_meta'
[0.402s] Level 1:colcon.colcon_core.package_identification:_identify(src/data/30618_6cb3280a) by extensions ['ros']
[0.402s] Level 1:colcon.colcon_core.package_identification:_identify(src/data/30618_6cb3280a) by extension 'ros'
[0.402s] Level 1:colcon.colcon_core.package_identification:_identify(src/data/30618_6cb3280a) by extensions ['cmake', 'python']
[0.402s] Level 1:colcon.colcon_core.package_identification:_identify(src/data/30618_6cb3280a) by extension 'cmake'
[0.402s] Level 1:colcon.colcon_core.package_identification:_identify(src/data/30618_6cb3280a) by extension 'python'
[0.402s] Level 1:colcon.colcon_core.package_identification:_identify(src/data/30618_6cb3280a) by extensions ['python_setup_py']
[0.402s] Level 1:colcon.colcon_core.package_identification:_identify(src/data/30618_6cb3280a) by extension 'python_setup_py'
[0.402s] Level 1:colcon.colcon_core.package_identification:_identify(src/data/30618_74559c73) by extensions ['ignore', 'ignore_ament_install']
[0.402s] Level 1:colcon.colcon_core.package_identification:_identify(src/data/30618_74559c73) by extension 'ignore'
[0.402s] Level 1:colcon.colcon_core.package_identification:_identify(src/data/30618_74559c73) by extension 'ignore_ament_install'
[0.402s] Level 1:colcon.colcon_core.package_identification:_identify(src/data/30618_74559c73) by extensions ['colcon_pkg']
[0.402s] Level 1:colcon.colcon_core.package_identification:_identify(src/data/30618_74559c73) by extension 'colcon_pkg'
[0.402s] Level 1:colcon.colcon_core.package_identification:_identify(src/data/30618_74559c73) by extensions ['colcon_meta']
[0.402s] Level 1:colcon.colcon_core.package_identification:_identify(src/data/30618_74559c73) by extension 'colcon_meta'
[0.402s] Level 1:colcon.colcon_core.package_identification:_identify(src/data/30618_74559c73) by extensions ['ros']
[0.402s] Level 1:colcon.colcon_core.package_identification:_identify(src/data/30618_74559c73) by extension 'ros'
[0.402s] Level 1:colcon.colcon_core.package_identification:_identify(src/data/30618_74559c73) by extensions ['cmake', 'python']
[0.403s] Level 1:colcon.colcon_core.package_identification:_identify(src/data/30618_74559c73) by extension 'cmake'
[0.403s] Level 1:colcon.colcon_core.package_identification:_identify(src/data/30618_74559c73) by extension 'python'
[0.403s] Level 1:colcon.colcon_core.package_identification:_identify(src/data/30618_74559c73) by extensions ['python_setup_py']
[0.403s] Level 1:colcon.colcon_core.package_identification:_identify(src/data/30618_74559c73) by extension 'python_setup_py'
[0.403s] Level 1:colcon.colcon_core.package_identification:_identify(src/data/30618_748832b9) by extensions ['ignore', 'ignore_ament_install']
[0.403s] Level 1:colcon.colcon_core.package_identification:_identify(src/data/30618_748832b9) by extension 'ignore'
[0.403s] Level 1:colcon.colcon_core.package_identification:_identify(src/data/30618_748832b9) by extension 'ignore_ament_install'
[0.403s] Level 1:colcon.colcon_core.package_identification:_identify(src/data/30618_748832b9) by extensions ['colcon_pkg']
[0.403s] Level 1:colcon.colcon_core.package_identification:_identify(src/data/30618_748832b9) by extension 'colcon_pkg'
[0.403s] Level 1:colcon.colcon_core.package_identification:_identify(src/data/30618_748832b9) by extensions ['colcon_meta']
[0.403s] Level 1:colcon.colcon_core.package_identification:_identify(src/data/30618_748832b9) by extension 'colcon_meta'
[0.403s] Level 1:colcon.colcon_core.package_identification:_identify(src/data/30618_748832b9) by extensions ['ros']
[0.403s] Level 1:colcon.colcon_core.package_identification:_identify(src/data/30618_748832b9) by extension 'ros'
[0.403s] Level 1:colcon.colcon_core.package_identification:_identify(src/data/30618_748832b9) by extensions ['cmake', 'python']
[0.403s] Level 1:colcon.colcon_core.package_identification:_identify(src/data/30618_748832b9) by extension 'cmake'
[0.403s] Level 1:colcon.colcon_core.package_identification:_identify(src/data/30618_748832b9) by extension 'python'
[0.403s] Level 1:colcon.colcon_core.package_identification:_identify(src/data/30618_748832b9) by extensions ['python_setup_py']
[0.403s] Level 1:colcon.colcon_core.package_identification:_identify(src/data/30618_748832b9) by extension 'python_setup_py'
[0.403s] Level 1:colcon.colcon_core.package_identification:_identify(src/data/30618_76e1f9c7) by extensions ['ignore', 'ignore_ament_install']
[0.403s] Level 1:colcon.colcon_core.package_identification:_identify(src/data/30618_76e1f9c7) by extension 'ignore'
[0.403s] Level 1:colcon.colcon_core.package_identification:_identify(src/data/30618_76e1f9c7) by extension 'ignore_ament_install'
[0.403s] Level 1:colcon.colcon_core.package_identification:_identify(src/data/30618_76e1f9c7) by extensions ['colcon_pkg']
[0.403s] Level 1:colcon.colcon_core.package_identification:_identify(src/data/30618_76e1f9c7) by extension 'colcon_pkg'
[0.403s] Level 1:colcon.colcon_core.package_identification:_identify(src/data/30618_76e1f9c7) by extensions ['colcon_meta']
[0.403s] Level 1:colcon.colcon_core.package_identification:_identify(src/data/30618_76e1f9c7) by extension 'colcon_meta'
[0.403s] Level 1:colcon.colcon_core.package_identification:_identify(src/data/30618_76e1f9c7) by extensions ['ros']
[0.403s] Level 1:colcon.colcon_core.package_identification:_identify(src/data/30618_76e1f9c7) by extension 'ros'
[0.403s] Level 1:colcon.colcon_core.package_identification:_identify(src/data/30618_76e1f9c7) by extensions ['cmake', 'python']
[0.403s] Level 1:colcon.colcon_core.package_identification:_identify(src/data/30618_76e1f9c7) by extension 'cmake'
[0.403s] Level 1:colcon.colcon_core.package_identification:_identify(src/data/30618_76e1f9c7) by extension 'python'
[0.403s] Level 1:colcon.colcon_core.package_identification:_identify(src/data/30618_76e1f9c7) by extensions ['python_setup_py']
[0.403s] Level 1:colcon.colcon_core.package_identification:_identify(src/data/30618_76e1f9c7) by extension 'python_setup_py'
[0.403s] Level 1:colcon.colcon_core.package_identification:_identify(src/data/30618_7849303f) by extensions ['ignore', 'ignore_ament_install']
[0.403s] Level 1:colcon.colcon_core.package_identification:_identify(src/data/30618_7849303f) by extension 'ignore'
[0.403s] Level 1:colcon.colcon_core.package_identification:_identify(src/data/30618_7849303f) by extension 'ignore_ament_install'
[0.403s] Level 1:colcon.colcon_core.package_identification:_identify(src/data/30618_7849303f) by extensions ['colcon_pkg']
[0.403s] Level 1:colcon.colcon_core.package_identification:_identify(src/data/30618_7849303f) by extension 'colcon_pkg'
[0.403s] Level 1:colcon.colcon_core.package_identification:_identify(src/data/30618_7849303f) by extensions ['colcon_meta']
[0.403s] Level 1:colcon.colcon_core.package_identification:_identify(src/data/30618_7849303f) by extension 'colcon_meta'
[0.403s] Level 1:colcon.colcon_core.package_identification:_identify(src/data/30618_7849303f) by extensions ['ros']
[0.403s] Level 1:colcon.colcon_core.package_identification:_identify(src/data/30618_7849303f) by extension 'ros'
[0.403s] Level 1:colcon.colcon_core.package_identification:_identify(src/data/30618_7849303f) by extensions ['cmake', 'python']
[0.404s] Level 1:colcon.colcon_core.package_identification:_identify(src/data/30618_7849303f) by extension 'cmake'
[0.404s] Level 1:colcon.colcon_core.package_identification:_identify(src/data/30618_7849303f) by extension 'python'
[0.404s] Level 1:colcon.colcon_core.package_identification:_identify(src/data/30618_7849303f) by extensions ['python_setup_py']
[0.404s] Level 1:colcon.colcon_core.package_identification:_identify(src/data/30618_7849303f) by extension 'python_setup_py'
[0.404s] Level 1:colcon.colcon_core.package_identification:_identify(src/data/30618_79b204dc) by extensions ['ignore', 'ignore_ament_install']
[0.404s] Level 1:colcon.colcon_core.package_identification:_identify(src/data/30618_79b204dc) by extension 'ignore'
[0.404s] Level 1:colcon.colcon_core.package_identification:_identify(src/data/30618_79b204dc) by extension 'ignore_ament_install'
[0.404s] Level 1:colcon.colcon_core.package_identification:_identify(src/data/30618_79b204dc) by extensions ['colcon_pkg']
[0.404s] Level 1:colcon.colcon_core.package_identification:_identify(src/data/30618_79b204dc) by extension 'colcon_pkg'
[0.404s] Level 1:colcon.colcon_core.package_identification:_identify(src/data/30618_79b204dc) by extensions ['colcon_meta']
[0.404s] Level 1:colcon.colcon_core.package_identification:_identify(src/data/30618_79b204dc) by extension 'colcon_meta'
[0.404s] Level 1:colcon.colcon_core.package_identification:_identify(src/data/30618_79b204dc) by extensions ['ros']
[0.404s] Level 1:colcon.colcon_core.package_identification:_identify(src/data/30618_79b204dc) by extension 'ros'
[0.404s] Level 1:colcon.colcon_core.package_identification:_identify(src/data/30618_79b204dc) by extensions ['cmake', 'python']
[0.404s] Level 1:colcon.colcon_core.package_identification:_identify(src/data/30618_79b204dc) by extension 'cmake'
[0.404s] Level 1:colcon.colcon_core.package_identification:_identify(src/data/30618_79b204dc) by extension 'python'
[0.404s] Level 1:colcon.colcon_core.package_identification:_identify(src/data/30618_79b204dc) by extensions ['python_setup_py']
[0.404s] Level 1:colcon.colcon_core.package_identification:_identify(src/data/30618_79b204dc) by extension 'python_setup_py'
[0.404s] Level 1:colcon.colcon_core.package_identification:_identify(src/data/30618_7a152380) by extensions ['ignore', 'ignore_ament_install']
[0.404s] Level 1:colcon.colcon_core.package_identification:_identify(src/data/30618_7a152380) by extension 'ignore'
[0.404s] Level 1:colcon.colcon_core.package_identification:_identify(src/data/30618_7a152380) by extension 'ignore_ament_install'
[0.404s] Level 1:colcon.colcon_core.package_identification:_identify(src/data/30618_7a152380) by extensions ['colcon_pkg']
[0.404s] Level 1:colcon.colcon_core.package_identification:_identify(src/data/30618_7a152380) by extension 'colcon_pkg'
[0.404s] Level 1:colcon.colcon_core.package_identification:_identify(src/data/30618_7a152380) by extensions ['colcon_meta']
[0.404s] Level 1:colcon.colcon_core.package_identification:_identify(src/data/30618_7a152380) by extension 'colcon_meta'
[0.404s] Level 1:colcon.colcon_core.package_identification:_identify(src/data/30618_7a152380) by extensions ['ros']
[0.404s] Level 1:colcon.colcon_core.package_identification:_identify(src/data/30618_7a152380) by extension 'ros'
[0.404s] Level 1:colcon.colcon_core.package_identification:_identify(src/data/30618_7a152380) by extensions ['cmake', 'python']
[0.404s] Level 1:colcon.colcon_core.package_identification:_identify(src/data/30618_7a152380) by extension 'cmake'
[0.404s] Level 1:colcon.colcon_core.package_identification:_identify(src/data/30618_7a152380) by extension 'python'
[0.404s] Level 1:colcon.colcon_core.package_identification:_identify(src/data/30618_7a152380) by extensions ['python_setup_py']
[0.404s] Level 1:colcon.colcon_core.package_identification:_identify(src/data/30618_7a152380) by extension 'python_setup_py'
[0.404s] Level 1:colcon.colcon_core.package_identification:_identify(src/data/30618_7b4d83f4) by extensions ['ignore', 'ignore_ament_install']
[0.404s] Level 1:colcon.colcon_core.package_identification:_identify(src/data/30618_7b4d83f4) by extension 'ignore'
[0.404s] Level 1:colcon.colcon_core.package_identification:_identify(src/data/30618_7b4d83f4) by extension 'ignore_ament_install'
[0.404s] Level 1:colcon.colcon_core.package_identification:_identify(src/data/30618_7b4d83f4) by extensions ['colcon_pkg']
[0.404s] Level 1:colcon.colcon_core.package_identification:_identify(src/data/30618_7b4d83f4) by extension 'colcon_pkg'
[0.404s] Level 1:colcon.colcon_core.package_identification:_identify(src/data/30618_7b4d83f4) by extensions ['colcon_meta']
[0.404s] Level 1:colcon.colcon_core.package_identification:_identify(src/data/30618_7b4d83f4) by extension 'colcon_meta'
[0.404s] Level 1:colcon.colcon_core.package_identification:_identify(src/data/30618_7b4d83f4) by extensions ['ros']
[0.404s] Level 1:colcon.colcon_core.package_identification:_identify(src/data/30618_7b4d83f4) by extension 'ros'
[0.404s] Level 1:colcon.colcon_core.package_identification:_identify(src/data/30618_7b4d83f4) by extensions ['cmake', 'python']
[0.404s] Level 1:colcon.colcon_core.package_identification:_identify(src/data/30618_7b4d83f4) by extension 'cmake'
[0.404s] Level 1:colcon.colcon_core.package_identification:_identify(src/data/30618_7b4d83f4) by extension 'python'
[0.404s] Level 1:colcon.colcon_core.package_identification:_identify(src/data/30618_7b4d83f4) by extensions ['python_setup_py']
[0.404s] Level 1:colcon.colcon_core.package_identification:_identify(src/data/30618_7b4d83f4) by extension 'python_setup_py'
[0.405s] Level 1:colcon.colcon_core.package_identification:_identify(src/data/30618_7bfbb5ed) by extensions ['ignore', 'ignore_ament_install']
[0.405s] Level 1:colcon.colcon_core.package_identification:_identify(src/data/30618_7bfbb5ed) by extension 'ignore'
[0.405s] Level 1:colcon.colcon_core.package_identification:_identify(src/data/30618_7bfbb5ed) by extension 'ignore_ament_install'
[0.405s] Level 1:colcon.colcon_core.package_identification:_identify(src/data/30618_7bfbb5ed) by extensions ['colcon_pkg']
[0.405s] Level 1:colcon.colcon_core.package_identification:_identify(src/data/30618_7bfbb5ed) by extension 'colcon_pkg'
[0.405s] Level 1:colcon.colcon_core.package_identification:_identify(src/data/30618_7bfbb5ed) by extensions ['colcon_meta']
[0.405s] Level 1:colcon.colcon_core.package_identification:_identify(src/data/30618_7bfbb5ed) by extension 'colcon_meta'
[0.405s] Level 1:colcon.colcon_core.package_identification:_identify(src/data/30618_7bfbb5ed) by extensions ['ros']
[0.405s] Level 1:colcon.colcon_core.package_identification:_identify(src/data/30618_7bfbb5ed) by extension 'ros'
[0.405s] Level 1:colcon.colcon_core.package_identification:_identify(src/data/30618_7bfbb5ed) by extensions ['cmake', 'python']
[0.405s] Level 1:colcon.colcon_core.package_identification:_identify(src/data/30618_7bfbb5ed) by extension 'cmake'
[0.405s] Level 1:colcon.colcon_core.package_identification:_identify(src/data/30618_7bfbb5ed) by extension 'python'
[0.405s] Level 1:colcon.colcon_core.package_identification:_identify(src/data/30618_7bfbb5ed) by extensions ['python_setup_py']
[0.405s] Level 1:colcon.colcon_core.package_identification:_identify(src/data/30618_7bfbb5ed) by extension 'python_setup_py'
[0.405s] Level 1:colcon.colcon_core.package_identification:_identify(src/data/30618_7d88fa79) by extensions ['ignore', 'ignore_ament_install']
[0.405s] Level 1:colcon.colcon_core.package_identification:_identify(src/data/30618_7d88fa79) by extension 'ignore'
[0.405s] Level 1:colcon.colcon_core.package_identification:_identify(src/data/30618_7d88fa79) by extension 'ignore_ament_install'
[0.405s] Level 1:colcon.colcon_core.package_identification:_identify(src/data/30618_7d88fa79) by extensions ['colcon_pkg']
[0.405s] Level 1:colcon.colcon_core.package_identification:_identify(src/data/30618_7d88fa79) by extension 'colcon_pkg'
[0.405s] Level 1:colcon.colcon_core.package_identification:_identify(src/data/30618_7d88fa79) by extensions ['colcon_meta']
[0.405s] Level 1:colcon.colcon_core.package_identification:_identify(src/data/30618_7d88fa79) by extension 'colcon_meta'
[0.405s] Level 1:colcon.colcon_core.package_identification:_identify(src/data/30618_7d88fa79) by extensions ['ros']
[0.405s] Level 1:colcon.colcon_core.package_identification:_identify(src/data/30618_7d88fa79) by extension 'ros'
[0.405s] Level 1:colcon.colcon_core.package_identification:_identify(src/data/30618_7d88fa79) by extensions ['cmake', 'python']
[0.405s] Level 1:colcon.colcon_core.package_identification:_identify(src/data/30618_7d88fa79) by extension 'cmake'
[0.405s] Level 1:colcon.colcon_core.package_identification:_identify(src/data/30618_7d88fa79) by extension 'python'
[0.405s] Level 1:colcon.colcon_core.package_identification:_identify(src/data/30618_7d88fa79) by extensions ['python_setup_py']
[0.405s] Level 1:colcon.colcon_core.package_identification:_identify(src/data/30618_7d88fa79) by extension 'python_setup_py'
[0.405s] Level 1:colcon.colcon_core.package_identification:_identify(src/data/30618_8158f0b0) by extensions ['ignore', 'ignore_ament_install']
[0.405s] Level 1:colcon.colcon_core.package_identification:_identify(src/data/30618_8158f0b0) by extension 'ignore'
[0.405s] Level 1:colcon.colcon_core.package_identification:_identify(src/data/30618_8158f0b0) by extension 'ignore_ament_install'
[0.405s] Level 1:colcon.colcon_core.package_identification:_identify(src/data/30618_8158f0b0) by extensions ['colcon_pkg']
[0.405s] Level 1:colcon.colcon_core.package_identification:_identify(src/data/30618_8158f0b0) by extension 'colcon_pkg'
[0.405s] Level 1:colcon.colcon_core.package_identification:_identify(src/data/30618_8158f0b0) by extensions ['colcon_meta']
[0.405s] Level 1:colcon.colcon_core.package_identification:_identify(src/data/30618_8158f0b0) by extension 'colcon_meta'
[0.405s] Level 1:colcon.colcon_core.package_identification:_identify(src/data/30618_8158f0b0) by extensions ['ros']
[0.405s] Level 1:colcon.colcon_core.package_identification:_identify(src/data/30618_8158f0b0) by extension 'ros'
[0.405s] Level 1:colcon.colcon_core.package_identification:_identify(src/data/30618_8158f0b0) by extensions ['cmake', 'python']
[0.405s] Level 1:colcon.colcon_core.package_identification:_identify(src/data/30618_8158f0b0) by extension 'cmake'
[0.405s] Level 1:colcon.colcon_core.package_identification:_identify(src/data/30618_8158f0b0) by extension 'python'
[0.405s] Level 1:colcon.colcon_core.package_identification:_identify(src/data/30618_8158f0b0) by extensions ['python_setup_py']
[0.405s] Level 1:colcon.colcon_core.package_identification:_identify(src/data/30618_8158f0b0) by extension 'python_setup_py'
[0.405s] Level 1:colcon.colcon_core.package_identification:_identify(src/data/30618_81c22fee) by extensions ['ignore', 'ignore_ament_install']
[0.405s] Level 1:colcon.colcon_core.package_identification:_identify(src/data/30618_81c22fee) by extension 'ignore'
[0.406s] Level 1:colcon.colcon_core.package_identification:_identify(src/data/30618_81c22fee) by extension 'ignore_ament_install'
[0.406s] Level 1:colcon.colcon_core.package_identification:_identify(src/data/30618_81c22fee) by extensions ['colcon_pkg']
[0.406s] Level 1:colcon.colcon_core.package_identification:_identify(src/data/30618_81c22fee) by extension 'colcon_pkg'
[0.406s] Level 1:colcon.colcon_core.package_identification:_identify(src/data/30618_81c22fee) by extensions ['colcon_meta']
[0.406s] Level 1:colcon.colcon_core.package_identification:_identify(src/data/30618_81c22fee) by extension 'colcon_meta'
[0.406s] Level 1:colcon.colcon_core.package_identification:_identify(src/data/30618_81c22fee) by extensions ['ros']
[0.406s] Level 1:colcon.colcon_core.package_identification:_identify(src/data/30618_81c22fee) by extension 'ros'
[0.406s] Level 1:colcon.colcon_core.package_identification:_identify(src/data/30618_81c22fee) by extensions ['cmake', 'python']
[0.406s] Level 1:colcon.colcon_core.package_identification:_identify(src/data/30618_81c22fee) by extension 'cmake'
[0.406s] Level 1:colcon.colcon_core.package_identification:_identify(src/data/30618_81c22fee) by extension 'python'
[0.406s] Level 1:colcon.colcon_core.package_identification:_identify(src/data/30618_81c22fee) by extensions ['python_setup_py']
[0.406s] Level 1:colcon.colcon_core.package_identification:_identify(src/data/30618_81c22fee) by extension 'python_setup_py'
[0.406s] Level 1:colcon.colcon_core.package_identification:_identify(src/data/30618_87afe526) by extensions ['ignore', 'ignore_ament_install']
[0.406s] Level 1:colcon.colcon_core.package_identification:_identify(src/data/30618_87afe526) by extension 'ignore'
[0.406s] Level 1:colcon.colcon_core.package_identification:_identify(src/data/30618_87afe526) by extension 'ignore_ament_install'
[0.406s] Level 1:colcon.colcon_core.package_identification:_identify(src/data/30618_87afe526) by extensions ['colcon_pkg']
[0.406s] Level 1:colcon.colcon_core.package_identification:_identify(src/data/30618_87afe526) by extension 'colcon_pkg'
[0.406s] Level 1:colcon.colcon_core.package_identification:_identify(src/data/30618_87afe526) by extensions ['colcon_meta']
[0.406s] Level 1:colcon.colcon_core.package_identification:_identify(src/data/30618_87afe526) by extension 'colcon_meta'
[0.406s] Level 1:colcon.colcon_core.package_identification:_identify(src/data/30618_87afe526) by extensions ['ros']
[0.406s] Level 1:colcon.colcon_core.package_identification:_identify(src/data/30618_87afe526) by extension 'ros'
[0.406s] Level 1:colcon.colcon_core.package_identification:_identify(src/data/30618_87afe526) by extensions ['cmake', 'python']
[0.406s] Level 1:colcon.colcon_core.package_identification:_identify(src/data/30618_87afe526) by extension 'cmake'
[0.406s] Level 1:colcon.colcon_core.package_identification:_identify(src/data/30618_87afe526) by extension 'python'
[0.406s] Level 1:colcon.colcon_core.package_identification:_identify(src/data/30618_87afe526) by extensions ['python_setup_py']
[0.406s] Level 1:colcon.colcon_core.package_identification:_identify(src/data/30618_87afe526) by extension 'python_setup_py'
[0.406s] Level 1:colcon.colcon_core.package_identification:_identify(src/data/30618_88548b02) by extensions ['ignore', 'ignore_ament_install']
[0.406s] Level 1:colcon.colcon_core.package_identification:_identify(src/data/30618_88548b02) by extension 'ignore'
[0.406s] Level 1:colcon.colcon_core.package_identification:_identify(src/data/30618_88548b02) by extension 'ignore_ament_install'
[0.406s] Level 1:colcon.colcon_core.package_identification:_identify(src/data/30618_88548b02) by extensions ['colcon_pkg']
[0.406s] Level 1:colcon.colcon_core.package_identification:_identify(src/data/30618_88548b02) by extension 'colcon_pkg'
[0.406s] Level 1:colcon.colcon_core.package_identification:_identify(src/data/30618_88548b02) by extensions ['colcon_meta']
[0.406s] Level 1:colcon.colcon_core.package_identification:_identify(src/data/30618_88548b02) by extension 'colcon_meta'
[0.406s] Level 1:colcon.colcon_core.package_identification:_identify(src/data/30618_88548b02) by extensions ['ros']
[0.406s] Level 1:colcon.colcon_core.package_identification:_identify(src/data/30618_88548b02) by extension 'ros'
[0.406s] Level 1:colcon.colcon_core.package_identification:_identify(src/data/30618_88548b02) by extensions ['cmake', 'python']
[0.406s] Level 1:colcon.colcon_core.package_identification:_identify(src/data/30618_88548b02) by extension 'cmake'
[0.406s] Level 1:colcon.colcon_core.package_identification:_identify(src/data/30618_88548b02) by extension 'python'
[0.406s] Level 1:colcon.colcon_core.package_identification:_identify(src/data/30618_88548b02) by extensions ['python_setup_py']
[0.406s] Level 1:colcon.colcon_core.package_identification:_identify(src/data/30618_88548b02) by extension 'python_setup_py'
[0.406s] Level 1:colcon.colcon_core.package_identification:_identify(src/data/30618_887a2b9a) by extensions ['ignore', 'ignore_ament_install']
[0.406s] Level 1:colcon.colcon_core.package_identification:_identify(src/data/30618_887a2b9a) by extension 'ignore'
[0.406s] Level 1:colcon.colcon_core.package_identification:_identify(src/data/30618_887a2b9a) by extension 'ignore_ament_install'
[0.406s] Level 1:colcon.colcon_core.package_identification:_identify(src/data/30618_887a2b9a) by extensions ['colcon_pkg']
[0.406s] Level 1:colcon.colcon_core.package_identification:_identify(src/data/30618_887a2b9a) by extension 'colcon_pkg'
[0.406s] Level 1:colcon.colcon_core.package_identification:_identify(src/data/30618_887a2b9a) by extensions ['colcon_meta']
[0.406s] Level 1:colcon.colcon_core.package_identification:_identify(src/data/30618_887a2b9a) by extension 'colcon_meta'
[0.406s] Level 1:colcon.colcon_core.package_identification:_identify(src/data/30618_887a2b9a) by extensions ['ros']
[0.406s] Level 1:colcon.colcon_core.package_identification:_identify(src/data/30618_887a2b9a) by extension 'ros'
[0.407s] Level 1:colcon.colcon_core.package_identification:_identify(src/data/30618_887a2b9a) by extensions ['cmake', 'python']
[0.407s] Level 1:colcon.colcon_core.package_identification:_identify(src/data/30618_887a2b9a) by extension 'cmake'
[0.407s] Level 1:colcon.colcon_core.package_identification:_identify(src/data/30618_887a2b9a) by extension 'python'
[0.407s] Level 1:colcon.colcon_core.package_identification:_identify(src/data/30618_887a2b9a) by extensions ['python_setup_py']
[0.407s] Level 1:colcon.colcon_core.package_identification:_identify(src/data/30618_887a2b9a) by extension 'python_setup_py'
[0.407s] Level 1:colcon.colcon_core.package_identification:_identify(src/data/30618_8eb8615c) by extensions ['ignore', 'ignore_ament_install']
[0.407s] Level 1:colcon.colcon_core.package_identification:_identify(src/data/30618_8eb8615c) by extension 'ignore'
[0.407s] Level 1:colcon.colcon_core.package_identification:_identify(src/data/30618_8eb8615c) by extension 'ignore_ament_install'
[0.407s] Level 1:colcon.colcon_core.package_identification:_identify(src/data/30618_8eb8615c) by extensions ['colcon_pkg']
[0.407s] Level 1:colcon.colcon_core.package_identification:_identify(src/data/30618_8eb8615c) by extension 'colcon_pkg'
[0.407s] Level 1:colcon.colcon_core.package_identification:_identify(src/data/30618_8eb8615c) by extensions ['colcon_meta']
[0.407s] Level 1:colcon.colcon_core.package_identification:_identify(src/data/30618_8eb8615c) by extension 'colcon_meta'
[0.407s] Level 1:colcon.colcon_core.package_identification:_identify(src/data/30618_8eb8615c) by extensions ['ros']
[0.407s] Level 1:colcon.colcon_core.package_identification:_identify(src/data/30618_8eb8615c) by extension 'ros'
[0.407s] Level 1:colcon.colcon_core.package_identification:_identify(src/data/30618_8eb8615c) by extensions ['cmake', 'python']
[0.407s] Level 1:colcon.colcon_core.package_identification:_identify(src/data/30618_8eb8615c) by extension 'cmake'
[0.407s] Level 1:colcon.colcon_core.package_identification:_identify(src/data/30618_8eb8615c) by extension 'python'
[0.407s] Level 1:colcon.colcon_core.package_identification:_identify(src/data/30618_8eb8615c) by extensions ['python_setup_py']
[0.407s] Level 1:colcon.colcon_core.package_identification:_identify(src/data/30618_8eb8615c) by extension 'python_setup_py'
[0.407s] Level 1:colcon.colcon_core.package_identification:_identify(src/data/30618_8f08df08) by extensions ['ignore', 'ignore_ament_install']
[0.407s] Level 1:colcon.colcon_core.package_identification:_identify(src/data/30618_8f08df08) by extension 'ignore'
[0.407s] Level 1:colcon.colcon_core.package_identification:_identify(src/data/30618_8f08df08) by extension 'ignore_ament_install'
[0.407s] Level 1:colcon.colcon_core.package_identification:_identify(src/data/30618_8f08df08) by extensions ['colcon_pkg']
[0.407s] Level 1:colcon.colcon_core.package_identification:_identify(src/data/30618_8f08df08) by extension 'colcon_pkg'
[0.407s] Level 1:colcon.colcon_core.package_identification:_identify(src/data/30618_8f08df08) by extensions ['colcon_meta']
[0.407s] Level 1:colcon.colcon_core.package_identification:_identify(src/data/30618_8f08df08) by extension 'colcon_meta'
[0.407s] Level 1:colcon.colcon_core.package_identification:_identify(src/data/30618_8f08df08) by extensions ['ros']
[0.407s] Level 1:colcon.colcon_core.package_identification:_identify(src/data/30618_8f08df08) by extension 'ros'
[0.407s] Level 1:colcon.colcon_core.package_identification:_identify(src/data/30618_8f08df08) by extensions ['cmake', 'python']
[0.407s] Level 1:colcon.colcon_core.package_identification:_identify(src/data/30618_8f08df08) by extension 'cmake'
[0.407s] Level 1:colcon.colcon_core.package_identification:_identify(src/data/30618_8f08df08) by extension 'python'
[0.407s] Level 1:colcon.colcon_core.package_identification:_identify(src/data/30618_8f08df08) by extensions ['python_setup_py']
[0.407s] Level 1:colcon.colcon_core.package_identification:_identify(src/data/30618_8f08df08) by extension 'python_setup_py'
[0.407s] Level 1:colcon.colcon_core.package_identification:_identify(src/data/30618_92b1b453) by extensions ['ignore', 'ignore_ament_install']
[0.407s] Level 1:colcon.colcon_core.package_identification:_identify(src/data/30618_92b1b453) by extension 'ignore'
[0.407s] Level 1:colcon.colcon_core.package_identification:_identify(src/data/30618_92b1b453) by extension 'ignore_ament_install'
[0.407s] Level 1:colcon.colcon_core.package_identification:_identify(src/data/30618_92b1b453) by extensions ['colcon_pkg']
[0.407s] Level 1:colcon.colcon_core.package_identification:_identify(src/data/30618_92b1b453) by extension 'colcon_pkg'
[0.407s] Level 1:colcon.colcon_core.package_identification:_identify(src/data/30618_92b1b453) by extensions ['colcon_meta']
[0.407s] Level 1:colcon.colcon_core.package_identification:_identify(src/data/30618_92b1b453) by extension 'colcon_meta'
[0.407s] Level 1:colcon.colcon_core.package_identification:_identify(src/data/30618_92b1b453) by extensions ['ros']
[0.407s] Level 1:colcon.colcon_core.package_identification:_identify(src/data/30618_92b1b453) by extension 'ros'
[0.407s] Level 1:colcon.colcon_core.package_identification:_identify(src/data/30618_92b1b453) by extensions ['cmake', 'python']
[0.407s] Level 1:colcon.colcon_core.package_identification:_identify(src/data/30618_92b1b453) by extension 'cmake'
[0.407s] Level 1:colcon.colcon_core.package_identification:_identify(src/data/30618_92b1b453) by extension 'python'
[0.407s] Level 1:colcon.colcon_core.package_identification:_identify(src/data/30618_92b1b453) by extensions ['python_setup_py']
[0.407s] Level 1:colcon.colcon_core.package_identification:_identify(src/data/30618_92b1b453) by extension 'python_setup_py'
[0.407s] Level 1:colcon.colcon_core.package_identification:_identify(src/data/30618_93dc866e) by extensions ['ignore', 'ignore_ament_install']
[0.407s] Level 1:colcon.colcon_core.package_identification:_identify(src/data/30618_93dc866e) by extension 'ignore'
[0.407s] Level 1:colcon.colcon_core.package_identification:_identify(src/data/30618_93dc866e) by extension 'ignore_ament_install'
[0.407s] Level 1:colcon.colcon_core.package_identification:_identify(src/data/30618_93dc866e) by extensions ['colcon_pkg']
[0.407s] Level 1:colcon.colcon_core.package_identification:_identify(src/data/30618_93dc866e) by extension 'colcon_pkg'
[0.408s] Level 1:colcon.colcon_core.package_identification:_identify(src/data/30618_93dc866e) by extensions ['colcon_meta']
[0.408s] Level 1:colcon.colcon_core.package_identification:_identify(src/data/30618_93dc866e) by extension 'colcon_meta'
[0.408s] Level 1:colcon.colcon_core.package_identification:_identify(src/data/30618_93dc866e) by extensions ['ros']
[0.408s] Level 1:colcon.colcon_core.package_identification:_identify(src/data/30618_93dc866e) by extension 'ros'
[0.408s] Level 1:colcon.colcon_core.package_identification:_identify(src/data/30618_93dc866e) by extensions ['cmake', 'python']
[0.408s] Level 1:colcon.colcon_core.package_identification:_identify(src/data/30618_93dc866e) by extension 'cmake'
[0.408s] Level 1:colcon.colcon_core.package_identification:_identify(src/data/30618_93dc866e) by extension 'python'
[0.408s] Level 1:colcon.colcon_core.package_identification:_identify(src/data/30618_93dc866e) by extensions ['python_setup_py']
[0.408s] Level 1:colcon.colcon_core.package_identification:_identify(src/data/30618_93dc866e) by extension 'python_setup_py'
[0.408s] Level 1:colcon.colcon_core.package_identification:_identify(src/data/30618_95c49c30) by extensions ['ignore', 'ignore_ament_install']
[0.408s] Level 1:colcon.colcon_core.package_identification:_identify(src/data/30618_95c49c30) by extension 'ignore'
[0.408s] Level 1:colcon.colcon_core.package_identification:_identify(src/data/30618_95c49c30) by extension 'ignore_ament_install'
[0.408s] Level 1:colcon.colcon_core.package_identification:_identify(src/data/30618_95c49c30) by extensions ['colcon_pkg']
[0.408s] Level 1:colcon.colcon_core.package_identification:_identify(src/data/30618_95c49c30) by extension 'colcon_pkg'
[0.408s] Level 1:colcon.colcon_core.package_identification:_identify(src/data/30618_95c49c30) by extensions ['colcon_meta']
[0.408s] Level 1:colcon.colcon_core.package_identification:_identify(src/data/30618_95c49c30) by extension 'colcon_meta'
[0.408s] Level 1:colcon.colcon_core.package_identification:_identify(src/data/30618_95c49c30) by extensions ['ros']
[0.408s] Level 1:colcon.colcon_core.package_identification:_identify(src/data/30618_95c49c30) by extension 'ros'
[0.408s] Level 1:colcon.colcon_core.package_identification:_identify(src/data/30618_95c49c30) by extensions ['cmake', 'python']
[0.408s] Level 1:colcon.colcon_core.package_identification:_identify(src/data/30618_95c49c30) by extension 'cmake'
[0.408s] Level 1:colcon.colcon_core.package_identification:_identify(src/data/30618_95c49c30) by extension 'python'
[0.408s] Level 1:colcon.colcon_core.package_identification:_identify(src/data/30618_95c49c30) by extensions ['python_setup_py']
[0.408s] Level 1:colcon.colcon_core.package_identification:_identify(src/data/30618_95c49c30) by extension 'python_setup_py'
[0.408s] Level 1:colcon.colcon_core.package_identification:_identify(src/data/30618_98161270) by extensions ['ignore', 'ignore_ament_install']
[0.408s] Level 1:colcon.colcon_core.package_identification:_identify(src/data/30618_98161270) by extension 'ignore'
[0.408s] Level 1:colcon.colcon_core.package_identification:_identify(src/data/30618_98161270) by extension 'ignore_ament_install'
[0.408s] Level 1:colcon.colcon_core.package_identification:_identify(src/data/30618_98161270) by extensions ['colcon_pkg']
[0.408s] Level 1:colcon.colcon_core.package_identification:_identify(src/data/30618_98161270) by extension 'colcon_pkg'
[0.408s] Level 1:colcon.colcon_core.package_identification:_identify(src/data/30618_98161270) by extensions ['colcon_meta']
[0.408s] Level 1:colcon.colcon_core.package_identification:_identify(src/data/30618_98161270) by extension 'colcon_meta'
[0.408s] Level 1:colcon.colcon_core.package_identification:_identify(src/data/30618_98161270) by extensions ['ros']
[0.408s] Level 1:colcon.colcon_core.package_identification:_identify(src/data/30618_98161270) by extension 'ros'
[0.408s] Level 1:colcon.colcon_core.package_identification:_identify(src/data/30618_98161270) by extensions ['cmake', 'python']
[0.408s] Level 1:colcon.colcon_core.package_identification:_identify(src/data/30618_98161270) by extension 'cmake'
[0.408s] Level 1:colcon.colcon_core.package_identification:_identify(src/data/30618_98161270) by extension 'python'
[0.408s] Level 1:colcon.colcon_core.package_identification:_identify(src/data/30618_98161270) by extensions ['python_setup_py']
[0.408s] Level 1:colcon.colcon_core.package_identification:_identify(src/data/30618_98161270) by extension 'python_setup_py'
[0.408s] Level 1:colcon.colcon_core.package_identification:_identify(src/data/30618_9bbe6faa) by extensions ['ignore', 'ignore_ament_install']
[0.408s] Level 1:colcon.colcon_core.package_identification:_identify(src/data/30618_9bbe6faa) by extension 'ignore'
[0.408s] Level 1:colcon.colcon_core.package_identification:_identify(src/data/30618_9bbe6faa) by extension 'ignore_ament_install'
[0.408s] Level 1:colcon.colcon_core.package_identification:_identify(src/data/30618_9bbe6faa) by extensions ['colcon_pkg']
[0.408s] Level 1:colcon.colcon_core.package_identification:_identify(src/data/30618_9bbe6faa) by extension 'colcon_pkg'
[0.408s] Level 1:colcon.colcon_core.package_identification:_identify(src/data/30618_9bbe6faa) by extensions ['colcon_meta']
[0.408s] Level 1:colcon.colcon_core.package_identification:_identify(src/data/30618_9bbe6faa) by extension 'colcon_meta'
[0.408s] Level 1:colcon.colcon_core.package_identification:_identify(src/data/30618_9bbe6faa) by extensions ['ros']
[0.408s] Level 1:colcon.colcon_core.package_identification:_identify(src/data/30618_9bbe6faa) by extension 'ros'
[0.408s] Level 1:colcon.colcon_core.package_identification:_identify(src/data/30618_9bbe6faa) by extensions ['cmake', 'python']
[0.408s] Level 1:colcon.colcon_core.package_identification:_identify(src/data/30618_9bbe6faa) by extension 'cmake'
[0.409s] Level 1:colcon.colcon_core.package_identification:_identify(src/data/30618_9bbe6faa) by extension 'python'
[0.409s] Level 1:colcon.colcon_core.package_identification:_identify(src/data/30618_9bbe6faa) by extensions ['python_setup_py']
[0.409s] Level 1:colcon.colcon_core.package_identification:_identify(src/data/30618_9bbe6faa) by extension 'python_setup_py'
[0.409s] Level 1:colcon.colcon_core.package_identification:_identify(src/data/30618_9c09b081) by extensions ['ignore', 'ignore_ament_install']
[0.409s] Level 1:colcon.colcon_core.package_identification:_identify(src/data/30618_9c09b081) by extension 'ignore'
[0.409s] Level 1:colcon.colcon_core.package_identification:_identify(src/data/30618_9c09b081) by extension 'ignore_ament_install'
[0.409s] Level 1:colcon.colcon_core.package_identification:_identify(src/data/30618_9c09b081) by extensions ['colcon_pkg']
[0.409s] Level 1:colcon.colcon_core.package_identification:_identify(src/data/30618_9c09b081) by extension 'colcon_pkg'
[0.409s] Level 1:colcon.colcon_core.package_identification:_identify(src/data/30618_9c09b081) by extensions ['colcon_meta']
[0.409s] Level 1:colcon.colcon_core.package_identification:_identify(src/data/30618_9c09b081) by extension 'colcon_meta'
[0.409s] Level 1:colcon.colcon_core.package_identification:_identify(src/data/30618_9c09b081) by extensions ['ros']
[0.409s] Level 1:colcon.colcon_core.package_identification:_identify(src/data/30618_9c09b081) by extension 'ros'
[0.409s] Level 1:colcon.colcon_core.package_identification:_identify(src/data/30618_9c09b081) by extensions ['cmake', 'python']
[0.409s] Level 1:colcon.colcon_core.package_identification:_identify(src/data/30618_9c09b081) by extension 'cmake'
[0.409s] Level 1:colcon.colcon_core.package_identification:_identify(src/data/30618_9c09b081) by extension 'python'
[0.409s] Level 1:colcon.colcon_core.package_identification:_identify(src/data/30618_9c09b081) by extensions ['python_setup_py']
[0.409s] Level 1:colcon.colcon_core.package_identification:_identify(src/data/30618_9c09b081) by extension 'python_setup_py'
[0.409s] Level 1:colcon.colcon_core.package_identification:_identify(src/data/30618_9c10cd0d) by extensions ['ignore', 'ignore_ament_install']
[0.409s] Level 1:colcon.colcon_core.package_identification:_identify(src/data/30618_9c10cd0d) by extension 'ignore'
[0.409s] Level 1:colcon.colcon_core.package_identification:_identify(src/data/30618_9c10cd0d) by extension 'ignore_ament_install'
[0.409s] Level 1:colcon.colcon_core.package_identification:_identify(src/data/30618_9c10cd0d) by extensions ['colcon_pkg']
[0.409s] Level 1:colcon.colcon_core.package_identification:_identify(src/data/30618_9c10cd0d) by extension 'colcon_pkg'
[0.409s] Level 1:colcon.colcon_core.package_identification:_identify(src/data/30618_9c10cd0d) by extensions ['colcon_meta']
[0.409s] Level 1:colcon.colcon_core.package_identification:_identify(src/data/30618_9c10cd0d) by extension 'colcon_meta'
[0.409s] Level 1:colcon.colcon_core.package_identification:_identify(src/data/30618_9c10cd0d) by extensions ['ros']
[0.409s] Level 1:colcon.colcon_core.package_identification:_identify(src/data/30618_9c10cd0d) by extension 'ros'
[0.409s] Level 1:colcon.colcon_core.package_identification:_identify(src/data/30618_9c10cd0d) by extensions ['cmake', 'python']
[0.409s] Level 1:colcon.colcon_core.package_identification:_identify(src/data/30618_9c10cd0d) by extension 'cmake'
[0.409s] Level 1:colcon.colcon_core.package_identification:_identify(src/data/30618_9c10cd0d) by extension 'python'
[0.409s] Level 1:colcon.colcon_core.package_identification:_identify(src/data/30618_9c10cd0d) by extensions ['python_setup_py']
[0.409s] Level 1:colcon.colcon_core.package_identification:_identify(src/data/30618_9c10cd0d) by extension 'python_setup_py'
[0.409s] Level 1:colcon.colcon_core.package_identification:_identify(src/data/30618_a395846d) by extensions ['ignore', 'ignore_ament_install']
[0.409s] Level 1:colcon.colcon_core.package_identification:_identify(src/data/30618_a395846d) by extension 'ignore'
[0.409s] Level 1:colcon.colcon_core.package_identification:_identify(src/data/30618_a395846d) by extension 'ignore_ament_install'
[0.409s] Level 1:colcon.colcon_core.package_identification:_identify(src/data/30618_a395846d) by extensions ['colcon_pkg']
[0.409s] Level 1:colcon.colcon_core.package_identification:_identify(src/data/30618_a395846d) by extension 'colcon_pkg'
[0.409s] Level 1:colcon.colcon_core.package_identification:_identify(src/data/30618_a395846d) by extensions ['colcon_meta']
[0.409s] Level 1:colcon.colcon_core.package_identification:_identify(src/data/30618_a395846d) by extension 'colcon_meta'
[0.409s] Level 1:colcon.colcon_core.package_identification:_identify(src/data/30618_a395846d) by extensions ['ros']
[0.409s] Level 1:colcon.colcon_core.package_identification:_identify(src/data/30618_a395846d) by extension 'ros'
[0.409s] Level 1:colcon.colcon_core.package_identification:_identify(src/data/30618_a395846d) by extensions ['cmake', 'python']
[0.409s] Level 1:colcon.colcon_core.package_identification:_identify(src/data/30618_a395846d) by extension 'cmake'
[0.409s] Level 1:colcon.colcon_core.package_identification:_identify(src/data/30618_a395846d) by extension 'python'
[0.409s] Level 1:colcon.colcon_core.package_identification:_identify(src/data/30618_a395846d) by extensions ['python_setup_py']
[0.409s] Level 1:colcon.colcon_core.package_identification:_identify(src/data/30618_a395846d) by extension 'python_setup_py'
[0.409s] Level 1:colcon.colcon_core.package_identification:_identify(src/data/30618_a53d5f6f) by extensions ['ignore', 'ignore_ament_install']
[0.409s] Level 1:colcon.colcon_core.package_identification:_identify(src/data/30618_a53d5f6f) by extension 'ignore'
[0.409s] Level 1:colcon.colcon_core.package_identification:_identify(src/data/30618_a53d5f6f) by extension 'ignore_ament_install'
[0.410s] Level 1:colcon.colcon_core.package_identification:_identify(src/data/30618_a53d5f6f) by extensions ['colcon_pkg']
[0.410s] Level 1:colcon.colcon_core.package_identification:_identify(src/data/30618_a53d5f6f) by extension 'colcon_pkg'
[0.410s] Level 1:colcon.colcon_core.package_identification:_identify(src/data/30618_a53d5f6f) by extensions ['colcon_meta']
[0.410s] Level 1:colcon.colcon_core.package_identification:_identify(src/data/30618_a53d5f6f) by extension 'colcon_meta'
[0.410s] Level 1:colcon.colcon_core.package_identification:_identify(src/data/30618_a53d5f6f) by extensions ['ros']
[0.410s] Level 1:colcon.colcon_core.package_identification:_identify(src/data/30618_a53d5f6f) by extension 'ros'
[0.410s] Level 1:colcon.colcon_core.package_identification:_identify(src/data/30618_a53d5f6f) by extensions ['cmake', 'python']
[0.410s] Level 1:colcon.colcon_core.package_identification:_identify(src/data/30618_a53d5f6f) by extension 'cmake'
[0.410s] Level 1:colcon.colcon_core.package_identification:_identify(src/data/30618_a53d5f6f) by extension 'python'
[0.410s] Level 1:colcon.colcon_core.package_identification:_identify(src/data/30618_a53d5f6f) by extensions ['python_setup_py']
[0.410s] Level 1:colcon.colcon_core.package_identification:_identify(src/data/30618_a53d5f6f) by extension 'python_setup_py'
[0.410s] Level 1:colcon.colcon_core.package_identification:_identify(src/data/30618_a869780d) by extensions ['ignore', 'ignore_ament_install']
[0.410s] Level 1:colcon.colcon_core.package_identification:_identify(src/data/30618_a869780d) by extension 'ignore'
[0.410s] Level 1:colcon.colcon_core.package_identification:_identify(src/data/30618_a869780d) by extension 'ignore_ament_install'
[0.410s] Level 1:colcon.colcon_core.package_identification:_identify(src/data/30618_a869780d) by extensions ['colcon_pkg']
[0.410s] Level 1:colcon.colcon_core.package_identification:_identify(src/data/30618_a869780d) by extension 'colcon_pkg'
[0.410s] Level 1:colcon.colcon_core.package_identification:_identify(src/data/30618_a869780d) by extensions ['colcon_meta']
[0.410s] Level 1:colcon.colcon_core.package_identification:_identify(src/data/30618_a869780d) by extension 'colcon_meta'
[0.410s] Level 1:colcon.colcon_core.package_identification:_identify(src/data/30618_a869780d) by extensions ['ros']
[0.410s] Level 1:colcon.colcon_core.package_identification:_identify(src/data/30618_a869780d) by extension 'ros'
[0.410s] Level 1:colcon.colcon_core.package_identification:_identify(src/data/30618_a869780d) by extensions ['cmake', 'python']
[0.410s] Level 1:colcon.colcon_core.package_identification:_identify(src/data/30618_a869780d) by extension 'cmake'
[0.410s] Level 1:colcon.colcon_core.package_identification:_identify(src/data/30618_a869780d) by extension 'python'
[0.410s] Level 1:colcon.colcon_core.package_identification:_identify(src/data/30618_a869780d) by extensions ['python_setup_py']
[0.410s] Level 1:colcon.colcon_core.package_identification:_identify(src/data/30618_a869780d) by extension 'python_setup_py'
[0.410s] Level 1:colcon.colcon_core.package_identification:_identify(src/data/30618_ab5921a4) by extensions ['ignore', 'ignore_ament_install']
[0.410s] Level 1:colcon.colcon_core.package_identification:_identify(src/data/30618_ab5921a4) by extension 'ignore'
[0.410s] Level 1:colcon.colcon_core.package_identification:_identify(src/data/30618_ab5921a4) by extension 'ignore_ament_install'
[0.410s] Level 1:colcon.colcon_core.package_identification:_identify(src/data/30618_ab5921a4) by extensions ['colcon_pkg']
[0.410s] Level 1:colcon.colcon_core.package_identification:_identify(src/data/30618_ab5921a4) by extension 'colcon_pkg'
[0.410s] Level 1:colcon.colcon_core.package_identification:_identify(src/data/30618_ab5921a4) by extensions ['colcon_meta']
[0.410s] Level 1:colcon.colcon_core.package_identification:_identify(src/data/30618_ab5921a4) by extension 'colcon_meta'
[0.410s] Level 1:colcon.colcon_core.package_identification:_identify(src/data/30618_ab5921a4) by extensions ['ros']
[0.410s] Level 1:colcon.colcon_core.package_identification:_identify(src/data/30618_ab5921a4) by extension 'ros'
[0.410s] Level 1:colcon.colcon_core.package_identification:_identify(src/data/30618_ab5921a4) by extensions ['cmake', 'python']
[0.410s] Level 1:colcon.colcon_core.package_identification:_identify(src/data/30618_ab5921a4) by extension 'cmake'
[0.410s] Level 1:colcon.colcon_core.package_identification:_identify(src/data/30618_ab5921a4) by extension 'python'
[0.410s] Level 1:colcon.colcon_core.package_identification:_identify(src/data/30618_ab5921a4) by extensions ['python_setup_py']
[0.410s] Level 1:colcon.colcon_core.package_identification:_identify(src/data/30618_ab5921a4) by extension 'python_setup_py'
[0.410s] Level 1:colcon.colcon_core.package_identification:_identify(src/data/30618_ae4eb346) by extensions ['ignore', 'ignore_ament_install']
[0.410s] Level 1:colcon.colcon_core.package_identification:_identify(src/data/30618_ae4eb346) by extension 'ignore'
[0.410s] Level 1:colcon.colcon_core.package_identification:_identify(src/data/30618_ae4eb346) by extension 'ignore_ament_install'
[0.410s] Level 1:colcon.colcon_core.package_identification:_identify(src/data/30618_ae4eb346) by extensions ['colcon_pkg']
[0.410s] Level 1:colcon.colcon_core.package_identification:_identify(src/data/30618_ae4eb346) by extension 'colcon_pkg'
[0.410s] Level 1:colcon.colcon_core.package_identification:_identify(src/data/30618_ae4eb346) by extensions ['colcon_meta']
[0.410s] Level 1:colcon.colcon_core.package_identification:_identify(src/data/30618_ae4eb346) by extension 'colcon_meta'
[0.410s] Level 1:colcon.colcon_core.package_identification:_identify(src/data/30618_ae4eb346) by extensions ['ros']
[0.410s] Level 1:colcon.colcon_core.package_identification:_identify(src/data/30618_ae4eb346) by extension 'ros'
[0.410s] Level 1:colcon.colcon_core.package_identification:_identify(src/data/30618_ae4eb346) by extensions ['cmake', 'python']
[0.410s] Level 1:colcon.colcon_core.package_identification:_identify(src/data/30618_ae4eb346) by extension 'cmake'
[0.410s] Level 1:colcon.colcon_core.package_identification:_identify(src/data/30618_ae4eb346) by extension 'python'
[0.410s] Level 1:colcon.colcon_core.package_identification:_identify(src/data/30618_ae4eb346) by extensions ['python_setup_py']
[0.410s] Level 1:colcon.colcon_core.package_identification:_identify(src/data/30618_ae4eb346) by extension 'python_setup_py'
[0.410s] Level 1:colcon.colcon_core.package_identification:_identify(src/data/30618_af7496f0) by extensions ['ignore', 'ignore_ament_install']
[0.411s] Level 1:colcon.colcon_core.package_identification:_identify(src/data/30618_af7496f0) by extension 'ignore'
[0.411s] Level 1:colcon.colcon_core.package_identification:_identify(src/data/30618_af7496f0) by extension 'ignore_ament_install'
[0.411s] Level 1:colcon.colcon_core.package_identification:_identify(src/data/30618_af7496f0) by extensions ['colcon_pkg']
[0.411s] Level 1:colcon.colcon_core.package_identification:_identify(src/data/30618_af7496f0) by extension 'colcon_pkg'
[0.411s] Level 1:colcon.colcon_core.package_identification:_identify(src/data/30618_af7496f0) by extensions ['colcon_meta']
[0.411s] Level 1:colcon.colcon_core.package_identification:_identify(src/data/30618_af7496f0) by extension 'colcon_meta'
[0.411s] Level 1:colcon.colcon_core.package_identification:_identify(src/data/30618_af7496f0) by extensions ['ros']
[0.411s] Level 1:colcon.colcon_core.package_identification:_identify(src/data/30618_af7496f0) by extension 'ros'
[0.411s] Level 1:colcon.colcon_core.package_identification:_identify(src/data/30618_af7496f0) by extensions ['cmake', 'python']
[0.411s] Level 1:colcon.colcon_core.package_identification:_identify(src/data/30618_af7496f0) by extension 'cmake'
[0.411s] Level 1:colcon.colcon_core.package_identification:_identify(src/data/30618_af7496f0) by extension 'python'
[0.411s] Level 1:colcon.colcon_core.package_identification:_identify(src/data/30618_af7496f0) by extensions ['python_setup_py']
[0.411s] Level 1:colcon.colcon_core.package_identification:_identify(src/data/30618_af7496f0) by extension 'python_setup_py'
[0.411s] Level 1:colcon.colcon_core.package_identification:_identify(src/data/30618_b1098bdb) by extensions ['ignore', 'ignore_ament_install']
[0.411s] Level 1:colcon.colcon_core.package_identification:_identify(src/data/30618_b1098bdb) by extension 'ignore'
[0.411s] Level 1:colcon.colcon_core.package_identification:_identify(src/data/30618_b1098bdb) by extension 'ignore_ament_install'
[0.411s] Level 1:colcon.colcon_core.package_identification:_identify(src/data/30618_b1098bdb) by extensions ['colcon_pkg']
[0.411s] Level 1:colcon.colcon_core.package_identification:_identify(src/data/30618_b1098bdb) by extension 'colcon_pkg'
[0.411s] Level 1:colcon.colcon_core.package_identification:_identify(src/data/30618_b1098bdb) by extensions ['colcon_meta']
[0.411s] Level 1:colcon.colcon_core.package_identification:_identify(src/data/30618_b1098bdb) by extension 'colcon_meta'
[0.411s] Level 1:colcon.colcon_core.package_identification:_identify(src/data/30618_b1098bdb) by extensions ['ros']
[0.411s] Level 1:colcon.colcon_core.package_identification:_identify(src/data/30618_b1098bdb) by extension 'ros'
[0.411s] Level 1:colcon.colcon_core.package_identification:_identify(src/data/30618_b1098bdb) by extensions ['cmake', 'python']
[0.411s] Level 1:colcon.colcon_core.package_identification:_identify(src/data/30618_b1098bdb) by extension 'cmake'
[0.411s] Level 1:colcon.colcon_core.package_identification:_identify(src/data/30618_b1098bdb) by extension 'python'
[0.411s] Level 1:colcon.colcon_core.package_identification:_identify(src/data/30618_b1098bdb) by extensions ['python_setup_py']
[0.411s] Level 1:colcon.colcon_core.package_identification:_identify(src/data/30618_b1098bdb) by extension 'python_setup_py'
[0.411s] Level 1:colcon.colcon_core.package_identification:_identify(src/data/30618_b15eafc3) by extensions ['ignore', 'ignore_ament_install']
[0.411s] Level 1:colcon.colcon_core.package_identification:_identify(src/data/30618_b15eafc3) by extension 'ignore'
[0.411s] Level 1:colcon.colcon_core.package_identification:_identify(src/data/30618_b15eafc3) by extension 'ignore_ament_install'
[0.411s] Level 1:colcon.colcon_core.package_identification:_identify(src/data/30618_b15eafc3) by extensions ['colcon_pkg']
[0.411s] Level 1:colcon.colcon_core.package_identification:_identify(src/data/30618_b15eafc3) by extension 'colcon_pkg'
[0.411s] Level 1:colcon.colcon_core.package_identification:_identify(src/data/30618_b15eafc3) by extensions ['colcon_meta']
[0.411s] Level 1:colcon.colcon_core.package_identification:_identify(src/data/30618_b15eafc3) by extension 'colcon_meta'
[0.411s] Level 1:colcon.colcon_core.package_identification:_identify(src/data/30618_b15eafc3) by extensions ['ros']
[0.411s] Level 1:colcon.colcon_core.package_identification:_identify(src/data/30618_b15eafc3) by extension 'ros'
[0.411s] Level 1:colcon.colcon_core.package_identification:_identify(src/data/30618_b15eafc3) by extensions ['cmake', 'python']
[0.411s] Level 1:colcon.colcon_core.package_identification:_identify(src/data/30618_b15eafc3) by extension 'cmake'
[0.411s] Level 1:colcon.colcon_core.package_identification:_identify(src/data/30618_b15eafc3) by extension 'python'
[0.411s] Level 1:colcon.colcon_core.package_identification:_identify(src/data/30618_b15eafc3) by extensions ['python_setup_py']
[0.411s] Level 1:colcon.colcon_core.package_identification:_identify(src/data/30618_b15eafc3) by extension 'python_setup_py'
[0.411s] Level 1:colcon.colcon_core.package_identification:_identify(src/data/30618_b3042f78) by extensions ['ignore', 'ignore_ament_install']
[0.411s] Level 1:colcon.colcon_core.package_identification:_identify(src/data/30618_b3042f78) by extension 'ignore'
[0.411s] Level 1:colcon.colcon_core.package_identification:_identify(src/data/30618_b3042f78) by extension 'ignore_ament_install'
[0.411s] Level 1:colcon.colcon_core.package_identification:_identify(src/data/30618_b3042f78) by extensions ['colcon_pkg']
[0.411s] Level 1:colcon.colcon_core.package_identification:_identify(src/data/30618_b3042f78) by extension 'colcon_pkg'
[0.411s] Level 1:colcon.colcon_core.package_identification:_identify(src/data/30618_b3042f78) by extensions ['colcon_meta']
[0.411s] Level 1:colcon.colcon_core.package_identification:_identify(src/data/30618_b3042f78) by extension 'colcon_meta'
[0.411s] Level 1:colcon.colcon_core.package_identification:_identify(src/data/30618_b3042f78) by extensions ['ros']
[0.411s] Level 1:colcon.colcon_core.package_identification:_identify(src/data/30618_b3042f78) by extension 'ros'
[0.411s] Level 1:colcon.colcon_core.package_identification:_identify(src/data/30618_b3042f78) by extensions ['cmake', 'python']
[0.411s] Level 1:colcon.colcon_core.package_identification:_identify(src/data/30618_b3042f78) by extension 'cmake'
[0.411s] Level 1:colcon.colcon_core.package_identification:_identify(src/data/30618_b3042f78) by extension 'python'
[0.411s] Level 1:colcon.colcon_core.package_identification:_identify(src/data/30618_b3042f78) by extensions ['python_setup_py']
[0.411s] Level 1:colcon.colcon_core.package_identification:_identify(src/data/30618_b3042f78) by extension 'python_setup_py'
[0.411s] Level 1:colcon.colcon_core.package_identification:_identify(src/data/30618_b8044aa0) by extensions ['ignore', 'ignore_ament_install']
[0.411s] Level 1:colcon.colcon_core.package_identification:_identify(src/data/30618_b8044aa0) by extension 'ignore'
[0.411s] Level 1:colcon.colcon_core.package_identification:_identify(src/data/30618_b8044aa0) by extension 'ignore_ament_install'
[0.412s] Level 1:colcon.colcon_core.package_identification:_identify(src/data/30618_b8044aa0) by extensions ['colcon_pkg']
[0.412s] Level 1:colcon.colcon_core.package_identification:_identify(src/data/30618_b8044aa0) by extension 'colcon_pkg'
[0.412s] Level 1:colcon.colcon_core.package_identification:_identify(src/data/30618_b8044aa0) by extensions ['colcon_meta']
[0.412s] Level 1:colcon.colcon_core.package_identification:_identify(src/data/30618_b8044aa0) by extension 'colcon_meta'
[0.412s] Level 1:colcon.colcon_core.package_identification:_identify(src/data/30618_b8044aa0) by extensions ['ros']
[0.412s] Level 1:colcon.colcon_core.package_identification:_identify(src/data/30618_b8044aa0) by extension 'ros'
[0.412s] Level 1:colcon.colcon_core.package_identification:_identify(src/data/30618_b8044aa0) by extensions ['cmake', 'python']
[0.412s] Level 1:colcon.colcon_core.package_identification:_identify(src/data/30618_b8044aa0) by extension 'cmake'
[0.412s] Level 1:colcon.colcon_core.package_identification:_identify(src/data/30618_b8044aa0) by extension 'python'
[0.412s] Level 1:colcon.colcon_core.package_identification:_identify(src/data/30618_b8044aa0) by extensions ['python_setup_py']
[0.412s] Level 1:colcon.colcon_core.package_identification:_identify(src/data/30618_b8044aa0) by extension 'python_setup_py'
[0.412s] Level 1:colcon.colcon_core.package_identification:_identify(src/data/30618_b83d854d) by extensions ['ignore', 'ignore_ament_install']
[0.412s] Level 1:colcon.colcon_core.package_identification:_identify(src/data/30618_b83d854d) by extension 'ignore'
[0.412s] Level 1:colcon.colcon_core.package_identification:_identify(src/data/30618_b83d854d) by extension 'ignore_ament_install'
[0.412s] Level 1:colcon.colcon_core.package_identification:_identify(src/data/30618_b83d854d) by extensions ['colcon_pkg']
[0.412s] Level 1:colcon.colcon_core.package_identification:_identify(src/data/30618_b83d854d) by extension 'colcon_pkg'
[0.412s] Level 1:colcon.colcon_core.package_identification:_identify(src/data/30618_b83d854d) by extensions ['colcon_meta']
[0.412s] Level 1:colcon.colcon_core.package_identification:_identify(src/data/30618_b83d854d) by extension 'colcon_meta'
[0.412s] Level 1:colcon.colcon_core.package_identification:_identify(src/data/30618_b83d854d) by extensions ['ros']
[0.412s] Level 1:colcon.colcon_core.package_identification:_identify(src/data/30618_b83d854d) by extension 'ros'
[0.412s] Level 1:colcon.colcon_core.package_identification:_identify(src/data/30618_b83d854d) by extensions ['cmake', 'python']
[0.412s] Level 1:colcon.colcon_core.package_identification:_identify(src/data/30618_b83d854d) by extension 'cmake'
[0.412s] Level 1:colcon.colcon_core.package_identification:_identify(src/data/30618_b83d854d) by extension 'python'
[0.412s] Level 1:colcon.colcon_core.package_identification:_identify(src/data/30618_b83d854d) by extensions ['python_setup_py']
[0.412s] Level 1:colcon.colcon_core.package_identification:_identify(src/data/30618_b83d854d) by extension 'python_setup_py'
[0.412s] Level 1:colcon.colcon_core.package_identification:_identify(src/data/30618_b95ca60a) by extensions ['ignore', 'ignore_ament_install']
[0.412s] Level 1:colcon.colcon_core.package_identification:_identify(src/data/30618_b95ca60a) by extension 'ignore'
[0.412s] Level 1:colcon.colcon_core.package_identification:_identify(src/data/30618_b95ca60a) by extension 'ignore_ament_install'
[0.412s] Level 1:colcon.colcon_core.package_identification:_identify(src/data/30618_b95ca60a) by extensions ['colcon_pkg']
[0.412s] Level 1:colcon.colcon_core.package_identification:_identify(src/data/30618_b95ca60a) by extension 'colcon_pkg'
[0.412s] Level 1:colcon.colcon_core.package_identification:_identify(src/data/30618_b95ca60a) by extensions ['colcon_meta']
[0.412s] Level 1:colcon.colcon_core.package_identification:_identify(src/data/30618_b95ca60a) by extension 'colcon_meta'
[0.412s] Level 1:colcon.colcon_core.package_identification:_identify(src/data/30618_b95ca60a) by extensions ['ros']
[0.412s] Level 1:colcon.colcon_core.package_identification:_identify(src/data/30618_b95ca60a) by extension 'ros'
[0.412s] Level 1:colcon.colcon_core.package_identification:_identify(src/data/30618_b95ca60a) by extensions ['cmake', 'python']
[0.412s] Level 1:colcon.colcon_core.package_identification:_identify(src/data/30618_b95ca60a) by extension 'cmake'
[0.412s] Level 1:colcon.colcon_core.package_identification:_identify(src/data/30618_b95ca60a) by extension 'python'
[0.412s] Level 1:colcon.colcon_core.package_identification:_identify(src/data/30618_b95ca60a) by extensions ['python_setup_py']
[0.412s] Level 1:colcon.colcon_core.package_identification:_identify(src/data/30618_b95ca60a) by extension 'python_setup_py'
[0.412s] Level 1:colcon.colcon_core.package_identification:_identify(src/data/30618_bab2fe58) by extensions ['ignore', 'ignore_ament_install']
[0.412s] Level 1:colcon.colcon_core.package_identification:_identify(src/data/30618_bab2fe58) by extension 'ignore'
[0.412s] Level 1:colcon.colcon_core.package_identification:_identify(src/data/30618_bab2fe58) by extension 'ignore_ament_install'
[0.412s] Level 1:colcon.colcon_core.package_identification:_identify(src/data/30618_bab2fe58) by extensions ['colcon_pkg']
[0.413s] Level 1:colcon.colcon_core.package_identification:_identify(src/data/30618_bab2fe58) by extension 'colcon_pkg'
[0.413s] Level 1:colcon.colcon_core.package_identification:_identify(src/data/30618_bab2fe58) by extensions ['colcon_meta']
[0.413s] Level 1:colcon.colcon_core.package_identification:_identify(src/data/30618_bab2fe58) by extension 'colcon_meta'
[0.413s] Level 1:colcon.colcon_core.package_identification:_identify(src/data/30618_bab2fe58) by extensions ['ros']
[0.413s] Level 1:colcon.colcon_core.package_identification:_identify(src/data/30618_bab2fe58) by extension 'ros'
[0.413s] Level 1:colcon.colcon_core.package_identification:_identify(src/data/30618_bab2fe58) by extensions ['cmake', 'python']
[0.413s] Level 1:colcon.colcon_core.package_identification:_identify(src/data/30618_bab2fe58) by extension 'cmake'
[0.413s] Level 1:colcon.colcon_core.package_identification:_identify(src/data/30618_bab2fe58) by extension 'python'
[0.413s] Level 1:colcon.colcon_core.package_identification:_identify(src/data/30618_bab2fe58) by extensions ['python_setup_py']
[0.413s] Level 1:colcon.colcon_core.package_identification:_identify(src/data/30618_bab2fe58) by extension 'python_setup_py'
[0.413s] Level 1:colcon.colcon_core.package_identification:_identify(src/data/30618_bc5e53c2) by extensions ['ignore', 'ignore_ament_install']
[0.413s] Level 1:colcon.colcon_core.package_identification:_identify(src/data/30618_bc5e53c2) by extension 'ignore'
[0.413s] Level 1:colcon.colcon_core.package_identification:_identify(src/data/30618_bc5e53c2) by extension 'ignore_ament_install'
[0.413s] Level 1:colcon.colcon_core.package_identification:_identify(src/data/30618_bc5e53c2) by extensions ['colcon_pkg']
[0.413s] Level 1:colcon.colcon_core.package_identification:_identify(src/data/30618_bc5e53c2) by extension 'colcon_pkg'
[0.413s] Level 1:colcon.colcon_core.package_identification:_identify(src/data/30618_bc5e53c2) by extensions ['colcon_meta']
[0.413s] Level 1:colcon.colcon_core.package_identification:_identify(src/data/30618_bc5e53c2) by extension 'colcon_meta'
[0.413s] Level 1:colcon.colcon_core.package_identification:_identify(src/data/30618_bc5e53c2) by extensions ['ros']
[0.413s] Level 1:colcon.colcon_core.package_identification:_identify(src/data/30618_bc5e53c2) by extension 'ros'
[0.413s] Level 1:colcon.colcon_core.package_identification:_identify(src/data/30618_bc5e53c2) by extensions ['cmake', 'python']
[0.413s] Level 1:colcon.colcon_core.package_identification:_identify(src/data/30618_bc5e53c2) by extension 'cmake'
[0.413s] Level 1:colcon.colcon_core.package_identification:_identify(src/data/30618_bc5e53c2) by extension 'python'
[0.413s] Level 1:colcon.colcon_core.package_identification:_identify(src/data/30618_bc5e53c2) by extensions ['python_setup_py']
[0.413s] Level 1:colcon.colcon_core.package_identification:_identify(src/data/30618_bc5e53c2) by extension 'python_setup_py'
[0.413s] Level 1:colcon.colcon_core.package_identification:_identify(src/data/30618_bcc9e7a2) by extensions ['ignore', 'ignore_ament_install']
[0.413s] Level 1:colcon.colcon_core.package_identification:_identify(src/data/30618_bcc9e7a2) by extension 'ignore'
[0.413s] Level 1:colcon.colcon_core.package_identification:_identify(src/data/30618_bcc9e7a2) by extension 'ignore_ament_install'
[0.413s] Level 1:colcon.colcon_core.package_identification:_identify(src/data/30618_bcc9e7a2) by extensions ['colcon_pkg']
[0.413s] Level 1:colcon.colcon_core.package_identification:_identify(src/data/30618_bcc9e7a2) by extension 'colcon_pkg'
[0.413s] Level 1:colcon.colcon_core.package_identification:_identify(src/data/30618_bcc9e7a2) by extensions ['colcon_meta']
[0.413s] Level 1:colcon.colcon_core.package_identification:_identify(src/data/30618_bcc9e7a2) by extension 'colcon_meta'
[0.413s] Level 1:colcon.colcon_core.package_identification:_identify(src/data/30618_bcc9e7a2) by extensions ['ros']
[0.413s] Level 1:colcon.colcon_core.package_identification:_identify(src/data/30618_bcc9e7a2) by extension 'ros'
[0.413s] Level 1:colcon.colcon_core.package_identification:_identify(src/data/30618_bcc9e7a2) by extensions ['cmake', 'python']
[0.413s] Level 1:colcon.colcon_core.package_identification:_identify(src/data/30618_bcc9e7a2) by extension 'cmake'
[0.413s] Level 1:colcon.colcon_core.package_identification:_identify(src/data/30618_bcc9e7a2) by extension 'python'
[0.413s] Level 1:colcon.colcon_core.package_identification:_identify(src/data/30618_bcc9e7a2) by extensions ['python_setup_py']
[0.413s] Level 1:colcon.colcon_core.package_identification:_identify(src/data/30618_bcc9e7a2) by extension 'python_setup_py'
[0.413s] Level 1:colcon.colcon_core.package_identification:_identify(src/data/30618_cfd9fd5a) by extensions ['ignore', 'ignore_ament_install']
[0.413s] Level 1:colcon.colcon_core.package_identification:_identify(src/data/30618_cfd9fd5a) by extension 'ignore'
[0.413s] Level 1:colcon.colcon_core.package_identification:_identify(src/data/30618_cfd9fd5a) by extension 'ignore_ament_install'
[0.413s] Level 1:colcon.colcon_core.package_identification:_identify(src/data/30618_cfd9fd5a) by extensions ['colcon_pkg']
[0.413s] Level 1:colcon.colcon_core.package_identification:_identify(src/data/30618_cfd9fd5a) by extension 'colcon_pkg'
[0.413s] Level 1:colcon.colcon_core.package_identification:_identify(src/data/30618_cfd9fd5a) by extensions ['colcon_meta']
[0.413s] Level 1:colcon.colcon_core.package_identification:_identify(src/data/30618_cfd9fd5a) by extension 'colcon_meta'
[0.413s] Level 1:colcon.colcon_core.package_identification:_identify(src/data/30618_cfd9fd5a) by extensions ['ros']
[0.413s] Level 1:colcon.colcon_core.package_identification:_identify(src/data/30618_cfd9fd5a) by extension 'ros'
[0.413s] Level 1:colcon.colcon_core.package_identification:_identify(src/data/30618_cfd9fd5a) by extensions ['cmake', 'python']
[0.413s] Level 1:colcon.colcon_core.package_identification:_identify(src/data/30618_cfd9fd5a) by extension 'cmake'
[0.413s] Level 1:colcon.colcon_core.package_identification:_identify(src/data/30618_cfd9fd5a) by extension 'python'
[0.413s] Level 1:colcon.colcon_core.package_identification:_identify(src/data/30618_cfd9fd5a) by extensions ['python_setup_py']
[0.414s] Level 1:colcon.colcon_core.package_identification:_identify(src/data/30618_cfd9fd5a) by extension 'python_setup_py'
[0.414s] Level 1:colcon.colcon_core.package_identification:_identify(src/data/30618_d4ba7005) by extensions ['ignore', 'ignore_ament_install']
[0.414s] Level 1:colcon.colcon_core.package_identification:_identify(src/data/30618_d4ba7005) by extension 'ignore'
[0.414s] Level 1:colcon.colcon_core.package_identification:_identify(src/data/30618_d4ba7005) by extension 'ignore_ament_install'
[0.414s] Level 1:colcon.colcon_core.package_identification:_identify(src/data/30618_d4ba7005) by extensions ['colcon_pkg']
[0.414s] Level 1:colcon.colcon_core.package_identification:_identify(src/data/30618_d4ba7005) by extension 'colcon_pkg'
[0.414s] Level 1:colcon.colcon_core.package_identification:_identify(src/data/30618_d4ba7005) by extensions ['colcon_meta']
[0.414s] Level 1:colcon.colcon_core.package_identification:_identify(src/data/30618_d4ba7005) by extension 'colcon_meta'
[0.414s] Level 1:colcon.colcon_core.package_identification:_identify(src/data/30618_d4ba7005) by extensions ['ros']
[0.414s] Level 1:colcon.colcon_core.package_identification:_identify(src/data/30618_d4ba7005) by extension 'ros'
[0.414s] Level 1:colcon.colcon_core.package_identification:_identify(src/data/30618_d4ba7005) by extensions ['cmake', 'python']
[0.414s] Level 1:colcon.colcon_core.package_identification:_identify(src/data/30618_d4ba7005) by extension 'cmake'
[0.414s] Level 1:colcon.colcon_core.package_identification:_identify(src/data/30618_d4ba7005) by extension 'python'
[0.414s] Level 1:colcon.colcon_core.package_identification:_identify(src/data/30618_d4ba7005) by extensions ['python_setup_py']
[0.414s] Level 1:colcon.colcon_core.package_identification:_identify(src/data/30618_d4ba7005) by extension 'python_setup_py'
[0.414s] Level 1:colcon.colcon_core.package_identification:_identify(src/data/30618_dd8d0741) by extensions ['ignore', 'ignore_ament_install']
[0.414s] Level 1:colcon.colcon_core.package_identification:_identify(src/data/30618_dd8d0741) by extension 'ignore'
[0.414s] Level 1:colcon.colcon_core.package_identification:_identify(src/data/30618_dd8d0741) by extension 'ignore_ament_install'
[0.414s] Level 1:colcon.colcon_core.package_identification:_identify(src/data/30618_dd8d0741) by extensions ['colcon_pkg']
[0.414s] Level 1:colcon.colcon_core.package_identification:_identify(src/data/30618_dd8d0741) by extension 'colcon_pkg'
[0.414s] Level 1:colcon.colcon_core.package_identification:_identify(src/data/30618_dd8d0741) by extensions ['colcon_meta']
[0.414s] Level 1:colcon.colcon_core.package_identification:_identify(src/data/30618_dd8d0741) by extension 'colcon_meta'
[0.414s] Level 1:colcon.colcon_core.package_identification:_identify(src/data/30618_dd8d0741) by extensions ['ros']
[0.414s] Level 1:colcon.colcon_core.package_identification:_identify(src/data/30618_dd8d0741) by extension 'ros'
[0.414s] Level 1:colcon.colcon_core.package_identification:_identify(src/data/30618_dd8d0741) by extensions ['cmake', 'python']
[0.414s] Level 1:colcon.colcon_core.package_identification:_identify(src/data/30618_dd8d0741) by extension 'cmake'
[0.414s] Level 1:colcon.colcon_core.package_identification:_identify(src/data/30618_dd8d0741) by extension 'python'
[0.414s] Level 1:colcon.colcon_core.package_identification:_identify(src/data/30618_dd8d0741) by extensions ['python_setup_py']
[0.414s] Level 1:colcon.colcon_core.package_identification:_identify(src/data/30618_dd8d0741) by extension 'python_setup_py'
[0.414s] Level 1:colcon.colcon_core.package_identification:_identify(src/data/30618_dd8e6395) by extensions ['ignore', 'ignore_ament_install']
[0.414s] Level 1:colcon.colcon_core.package_identification:_identify(src/data/30618_dd8e6395) by extension 'ignore'
[0.414s] Level 1:colcon.colcon_core.package_identification:_identify(src/data/30618_dd8e6395) by extension 'ignore_ament_install'
[0.414s] Level 1:colcon.colcon_core.package_identification:_identify(src/data/30618_dd8e6395) by extensions ['colcon_pkg']
[0.414s] Level 1:colcon.colcon_core.package_identification:_identify(src/data/30618_dd8e6395) by extension 'colcon_pkg'
[0.414s] Level 1:colcon.colcon_core.package_identification:_identify(src/data/30618_dd8e6395) by extensions ['colcon_meta']
[0.414s] Level 1:colcon.colcon_core.package_identification:_identify(src/data/30618_dd8e6395) by extension 'colcon_meta'
[0.414s] Level 1:colcon.colcon_core.package_identification:_identify(src/data/30618_dd8e6395) by extensions ['ros']
[0.414s] Level 1:colcon.colcon_core.package_identification:_identify(src/data/30618_dd8e6395) by extension 'ros'
[0.414s] Level 1:colcon.colcon_core.package_identification:_identify(src/data/30618_dd8e6395) by extensions ['cmake', 'python']
[0.414s] Level 1:colcon.colcon_core.package_identification:_identify(src/data/30618_dd8e6395) by extension 'cmake'
[0.414s] Level 1:colcon.colcon_core.package_identification:_identify(src/data/30618_dd8e6395) by extension 'python'
[0.414s] Level 1:colcon.colcon_core.package_identification:_identify(src/data/30618_dd8e6395) by extensions ['python_setup_py']
[0.414s] Level 1:colcon.colcon_core.package_identification:_identify(src/data/30618_dd8e6395) by extension 'python_setup_py'
[0.414s] Level 1:colcon.colcon_core.package_identification:_identify(src/data/30618_ddad08d6) by extensions ['ignore', 'ignore_ament_install']
[0.414s] Level 1:colcon.colcon_core.package_identification:_identify(src/data/30618_ddad08d6) by extension 'ignore'
[0.414s] Level 1:colcon.colcon_core.package_identification:_identify(src/data/30618_ddad08d6) by extension 'ignore_ament_install'
[0.414s] Level 1:colcon.colcon_core.package_identification:_identify(src/data/30618_ddad08d6) by extensions ['colcon_pkg']
[0.414s] Level 1:colcon.colcon_core.package_identification:_identify(src/data/30618_ddad08d6) by extension 'colcon_pkg'
[0.414s] Level 1:colcon.colcon_core.package_identification:_identify(src/data/30618_ddad08d6) by extensions ['colcon_meta']
[0.414s] Level 1:colcon.colcon_core.package_identification:_identify(src/data/30618_ddad08d6) by extension 'colcon_meta'
[0.415s] Level 1:colcon.colcon_core.package_identification:_identify(src/data/30618_ddad08d6) by extensions ['ros']
[0.415s] Level 1:colcon.colcon_core.package_identification:_identify(src/data/30618_ddad08d6) by extension 'ros'
[0.415s] Level 1:colcon.colcon_core.package_identification:_identify(src/data/30618_ddad08d6) by extensions ['cmake', 'python']
[0.415s] Level 1:colcon.colcon_core.package_identification:_identify(src/data/30618_ddad08d6) by extension 'cmake'
[0.415s] Level 1:colcon.colcon_core.package_identification:_identify(src/data/30618_ddad08d6) by extension 'python'
[0.415s] Level 1:colcon.colcon_core.package_identification:_identify(src/data/30618_ddad08d6) by extensions ['python_setup_py']
[0.415s] Level 1:colcon.colcon_core.package_identification:_identify(src/data/30618_ddad08d6) by extension 'python_setup_py'
[0.415s] Level 1:colcon.colcon_core.package_identification:_identify(src/data/30618_defd0170) by extensions ['ignore', 'ignore_ament_install']
[0.415s] Level 1:colcon.colcon_core.package_identification:_identify(src/data/30618_defd0170) by extension 'ignore'
[0.415s] Level 1:colcon.colcon_core.package_identification:_identify(src/data/30618_defd0170) by extension 'ignore_ament_install'
[0.415s] Level 1:colcon.colcon_core.package_identification:_identify(src/data/30618_defd0170) by extensions ['colcon_pkg']
[0.415s] Level 1:colcon.colcon_core.package_identification:_identify(src/data/30618_defd0170) by extension 'colcon_pkg'
[0.415s] Level 1:colcon.colcon_core.package_identification:_identify(src/data/30618_defd0170) by extensions ['colcon_meta']
[0.415s] Level 1:colcon.colcon_core.package_identification:_identify(src/data/30618_defd0170) by extension 'colcon_meta'
[0.415s] Level 1:colcon.colcon_core.package_identification:_identify(src/data/30618_defd0170) by extensions ['ros']
[0.415s] Level 1:colcon.colcon_core.package_identification:_identify(src/data/30618_defd0170) by extension 'ros'
[0.415s] Level 1:colcon.colcon_core.package_identification:_identify(src/data/30618_defd0170) by extensions ['cmake', 'python']
[0.415s] Level 1:colcon.colcon_core.package_identification:_identify(src/data/30618_defd0170) by extension 'cmake'
[0.415s] Level 1:colcon.colcon_core.package_identification:_identify(src/data/30618_defd0170) by extension 'python'
[0.415s] Level 1:colcon.colcon_core.package_identification:_identify(src/data/30618_defd0170) by extensions ['python_setup_py']
[0.415s] Level 1:colcon.colcon_core.package_identification:_identify(src/data/30618_defd0170) by extension 'python_setup_py'
[0.415s] Level 1:colcon.colcon_core.package_identification:_identify(src/data/30618_e151d6e4) by extensions ['ignore', 'ignore_ament_install']
[0.415s] Level 1:colcon.colcon_core.package_identification:_identify(src/data/30618_e151d6e4) by extension 'ignore'
[0.415s] Level 1:colcon.colcon_core.package_identification:_identify(src/data/30618_e151d6e4) by extension 'ignore_ament_install'
[0.415s] Level 1:colcon.colcon_core.package_identification:_identify(src/data/30618_e151d6e4) by extensions ['colcon_pkg']
[0.415s] Level 1:colcon.colcon_core.package_identification:_identify(src/data/30618_e151d6e4) by extension 'colcon_pkg'
[0.415s] Level 1:colcon.colcon_core.package_identification:_identify(src/data/30618_e151d6e4) by extensions ['colcon_meta']
[0.415s] Level 1:colcon.colcon_core.package_identification:_identify(src/data/30618_e151d6e4) by extension 'colcon_meta'
[0.415s] Level 1:colcon.colcon_core.package_identification:_identify(src/data/30618_e151d6e4) by extensions ['ros']
[0.415s] Level 1:colcon.colcon_core.package_identification:_identify(src/data/30618_e151d6e4) by extension 'ros'
[0.415s] Level 1:colcon.colcon_core.package_identification:_identify(src/data/30618_e151d6e4) by extensions ['cmake', 'python']
[0.415s] Level 1:colcon.colcon_core.package_identification:_identify(src/data/30618_e151d6e4) by extension 'cmake'
[0.415s] Level 1:colcon.colcon_core.package_identification:_identify(src/data/30618_e151d6e4) by extension 'python'
[0.415s] Level 1:colcon.colcon_core.package_identification:_identify(src/data/30618_e151d6e4) by extensions ['python_setup_py']
[0.415s] Level 1:colcon.colcon_core.package_identification:_identify(src/data/30618_e151d6e4) by extension 'python_setup_py'
[0.415s] Level 1:colcon.colcon_core.package_identification:_identify(src/data/30618_e2dcf65f) by extensions ['ignore', 'ignore_ament_install']
[0.415s] Level 1:colcon.colcon_core.package_identification:_identify(src/data/30618_e2dcf65f) by extension 'ignore'
[0.415s] Level 1:colcon.colcon_core.package_identification:_identify(src/data/30618_e2dcf65f) by extension 'ignore_ament_install'
[0.415s] Level 1:colcon.colcon_core.package_identification:_identify(src/data/30618_e2dcf65f) by extensions ['colcon_pkg']
[0.415s] Level 1:colcon.colcon_core.package_identification:_identify(src/data/30618_e2dcf65f) by extension 'colcon_pkg'
[0.415s] Level 1:colcon.colcon_core.package_identification:_identify(src/data/30618_e2dcf65f) by extensions ['colcon_meta']
[0.415s] Level 1:colcon.colcon_core.package_identification:_identify(src/data/30618_e2dcf65f) by extension 'colcon_meta'
[0.415s] Level 1:colcon.colcon_core.package_identification:_identify(src/data/30618_e2dcf65f) by extensions ['ros']
[0.415s] Level 1:colcon.colcon_core.package_identification:_identify(src/data/30618_e2dcf65f) by extension 'ros'
[0.415s] Level 1:colcon.colcon_core.package_identification:_identify(src/data/30618_e2dcf65f) by extensions ['cmake', 'python']
[0.415s] Level 1:colcon.colcon_core.package_identification:_identify(src/data/30618_e2dcf65f) by extension 'cmake'
[0.415s] Level 1:colcon.colcon_core.package_identification:_identify(src/data/30618_e2dcf65f) by extension 'python'
[0.415s] Level 1:colcon.colcon_core.package_identification:_identify(src/data/30618_e2dcf65f) by extensions ['python_setup_py']
[0.415s] Level 1:colcon.colcon_core.package_identification:_identify(src/data/30618_e2dcf65f) by extension 'python_setup_py'
[0.415s] Level 1:colcon.colcon_core.package_identification:_identify(src/data/30618_e392e5bd) by extensions ['ignore', 'ignore_ament_install']
[0.415s] Level 1:colcon.colcon_core.package_identification:_identify(src/data/30618_e392e5bd) by extension 'ignore'
[0.415s] Level 1:colcon.colcon_core.package_identification:_identify(src/data/30618_e392e5bd) by extension 'ignore_ament_install'
[0.415s] Level 1:colcon.colcon_core.package_identification:_identify(src/data/30618_e392e5bd) by extensions ['colcon_pkg']
[0.415s] Level 1:colcon.colcon_core.package_identification:_identify(src/data/30618_e392e5bd) by extension 'colcon_pkg'
[0.415s] Level 1:colcon.colcon_core.package_identification:_identify(src/data/30618_e392e5bd) by extensions ['colcon_meta']
[0.415s] Level 1:colcon.colcon_core.package_identification:_identify(src/data/30618_e392e5bd) by extension 'colcon_meta'
[0.415s] Level 1:colcon.colcon_core.package_identification:_identify(src/data/30618_e392e5bd) by extensions ['ros']
[0.416s] Level 1:colcon.colcon_core.package_identification:_identify(src/data/30618_e392e5bd) by extension 'ros'
[0.416s] Level 1:colcon.colcon_core.package_identification:_identify(src/data/30618_e392e5bd) by extensions ['cmake', 'python']
[0.416s] Level 1:colcon.colcon_core.package_identification:_identify(src/data/30618_e392e5bd) by extension 'cmake'
[0.416s] Level 1:colcon.colcon_core.package_identification:_identify(src/data/30618_e392e5bd) by extension 'python'
[0.416s] Level 1:colcon.colcon_core.package_identification:_identify(src/data/30618_e392e5bd) by extensions ['python_setup_py']
[0.416s] Level 1:colcon.colcon_core.package_identification:_identify(src/data/30618_e392e5bd) by extension 'python_setup_py'
[0.416s] Level 1:colcon.colcon_core.package_identification:_identify(src/data/30618_e3d94878) by extensions ['ignore', 'ignore_ament_install']
[0.416s] Level 1:colcon.colcon_core.package_identification:_identify(src/data/30618_e3d94878) by extension 'ignore'
[0.416s] Level 1:colcon.colcon_core.package_identification:_identify(src/data/30618_e3d94878) by extension 'ignore_ament_install'
[0.416s] Level 1:colcon.colcon_core.package_identification:_identify(src/data/30618_e3d94878) by extensions ['colcon_pkg']
[0.416s] Level 1:colcon.colcon_core.package_identification:_identify(src/data/30618_e3d94878) by extension 'colcon_pkg'
[0.416s] Level 1:colcon.colcon_core.package_identification:_identify(src/data/30618_e3d94878) by extensions ['colcon_meta']
[0.416s] Level 1:colcon.colcon_core.package_identification:_identify(src/data/30618_e3d94878) by extension 'colcon_meta'
[0.416s] Level 1:colcon.colcon_core.package_identification:_identify(src/data/30618_e3d94878) by extensions ['ros']
[0.416s] Level 1:colcon.colcon_core.package_identification:_identify(src/data/30618_e3d94878) by extension 'ros'
[0.416s] Level 1:colcon.colcon_core.package_identification:_identify(src/data/30618_e3d94878) by extensions ['cmake', 'python']
[0.416s] Level 1:colcon.colcon_core.package_identification:_identify(src/data/30618_e3d94878) by extension 'cmake'
[0.416s] Level 1:colcon.colcon_core.package_identification:_identify(src/data/30618_e3d94878) by extension 'python'
[0.416s] Level 1:colcon.colcon_core.package_identification:_identify(src/data/30618_e3d94878) by extensions ['python_setup_py']
[0.416s] Level 1:colcon.colcon_core.package_identification:_identify(src/data/30618_e3d94878) by extension 'python_setup_py'
[0.416s] Level 1:colcon.colcon_core.package_identification:_identify(src/data/30618_e7dcdab1) by extensions ['ignore', 'ignore_ament_install']
[0.416s] Level 1:colcon.colcon_core.package_identification:_identify(src/data/30618_e7dcdab1) by extension 'ignore'
[0.416s] Level 1:colcon.colcon_core.package_identification:_identify(src/data/30618_e7dcdab1) by extension 'ignore_ament_install'
[0.416s] Level 1:colcon.colcon_core.package_identification:_identify(src/data/30618_e7dcdab1) by extensions ['colcon_pkg']
[0.416s] Level 1:colcon.colcon_core.package_identification:_identify(src/data/30618_e7dcdab1) by extension 'colcon_pkg'
[0.416s] Level 1:colcon.colcon_core.package_identification:_identify(src/data/30618_e7dcdab1) by extensions ['colcon_meta']
[0.416s] Level 1:colcon.colcon_core.package_identification:_identify(src/data/30618_e7dcdab1) by extension 'colcon_meta'
[0.416s] Level 1:colcon.colcon_core.package_identification:_identify(src/data/30618_e7dcdab1) by extensions ['ros']
[0.416s] Level 1:colcon.colcon_core.package_identification:_identify(src/data/30618_e7dcdab1) by extension 'ros'
[0.416s] Level 1:colcon.colcon_core.package_identification:_identify(src/data/30618_e7dcdab1) by extensions ['cmake', 'python']
[0.416s] Level 1:colcon.colcon_core.package_identification:_identify(src/data/30618_e7dcdab1) by extension 'cmake'
[0.416s] Level 1:colcon.colcon_core.package_identification:_identify(src/data/30618_e7dcdab1) by extension 'python'
[0.416s] Level 1:colcon.colcon_core.package_identification:_identify(src/data/30618_e7dcdab1) by extensions ['python_setup_py']
[0.416s] Level 1:colcon.colcon_core.package_identification:_identify(src/data/30618_e7dcdab1) by extension 'python_setup_py'
[0.416s] Level 1:colcon.colcon_core.package_identification:_identify(src/data/30618_e9a34502) by extensions ['ignore', 'ignore_ament_install']
[0.416s] Level 1:colcon.colcon_core.package_identification:_identify(src/data/30618_e9a34502) by extension 'ignore'
[0.416s] Level 1:colcon.colcon_core.package_identification:_identify(src/data/30618_e9a34502) by extension 'ignore_ament_install'
[0.416s] Level 1:colcon.colcon_core.package_identification:_identify(src/data/30618_e9a34502) by extensions ['colcon_pkg']
[0.416s] Level 1:colcon.colcon_core.package_identification:_identify(src/data/30618_e9a34502) by extension 'colcon_pkg'
[0.416s] Level 1:colcon.colcon_core.package_identification:_identify(src/data/30618_e9a34502) by extensions ['colcon_meta']
[0.416s] Level 1:colcon.colcon_core.package_identification:_identify(src/data/30618_e9a34502) by extension 'colcon_meta'
[0.416s] Level 1:colcon.colcon_core.package_identification:_identify(src/data/30618_e9a34502) by extensions ['ros']
[0.416s] Level 1:colcon.colcon_core.package_identification:_identify(src/data/30618_e9a34502) by extension 'ros'
[0.416s] Level 1:colcon.colcon_core.package_identification:_identify(src/data/30618_e9a34502) by extensions ['cmake', 'python']
[0.416s] Level 1:colcon.colcon_core.package_identification:_identify(src/data/30618_e9a34502) by extension 'cmake'
[0.416s] Level 1:colcon.colcon_core.package_identification:_identify(src/data/30618_e9a34502) by extension 'python'
[0.416s] Level 1:colcon.colcon_core.package_identification:_identify(src/data/30618_e9a34502) by extensions ['python_setup_py']
[0.416s] Level 1:colcon.colcon_core.package_identification:_identify(src/data/30618_e9a34502) by extension 'python_setup_py'
[0.416s] Level 1:colcon.colcon_core.package_identification:_identify(src/data/30618_efb92709) by extensions ['ignore', 'ignore_ament_install']
[0.416s] Level 1:colcon.colcon_core.package_identification:_identify(src/data/30618_efb92709) by extension 'ignore'
[0.417s] Level 1:colcon.colcon_core.package_identification:_identify(src/data/30618_efb92709) by extension 'ignore_ament_install'
[0.417s] Level 1:colcon.colcon_core.package_identification:_identify(src/data/30618_efb92709) by extensions ['colcon_pkg']
[0.417s] Level 1:colcon.colcon_core.package_identification:_identify(src/data/30618_efb92709) by extension 'colcon_pkg'
[0.417s] Level 1:colcon.colcon_core.package_identification:_identify(src/data/30618_efb92709) by extensions ['colcon_meta']
[0.417s] Level 1:colcon.colcon_core.package_identification:_identify(src/data/30618_efb92709) by extension 'colcon_meta'
[0.417s] Level 1:colcon.colcon_core.package_identification:_identify(src/data/30618_efb92709) by extensions ['ros']
[0.417s] Level 1:colcon.colcon_core.package_identification:_identify(src/data/30618_efb92709) by extension 'ros'
[0.417s] Level 1:colcon.colcon_core.package_identification:_identify(src/data/30618_efb92709) by extensions ['cmake', 'python']
[0.417s] Level 1:colcon.colcon_core.package_identification:_identify(src/data/30618_efb92709) by extension 'cmake'
[0.417s] Level 1:colcon.colcon_core.package_identification:_identify(src/data/30618_efb92709) by extension 'python'
[0.417s] Level 1:colcon.colcon_core.package_identification:_identify(src/data/30618_efb92709) by extensions ['python_setup_py']
[0.417s] Level 1:colcon.colcon_core.package_identification:_identify(src/data/30618_efb92709) by extension 'python_setup_py'
[0.417s] Level 1:colcon.colcon_core.package_identification:_identify(src/data/30618_f19a4ac3) by extensions ['ignore', 'ignore_ament_install']
[0.417s] Level 1:colcon.colcon_core.package_identification:_identify(src/data/30618_f19a4ac3) by extension 'ignore'
[0.417s] Level 1:colcon.colcon_core.package_identification:_identify(src/data/30618_f19a4ac3) by extension 'ignore_ament_install'
[0.417s] Level 1:colcon.colcon_core.package_identification:_identify(src/data/30618_f19a4ac3) by extensions ['colcon_pkg']
[0.417s] Level 1:colcon.colcon_core.package_identification:_identify(src/data/30618_f19a4ac3) by extension 'colcon_pkg'
[0.417s] Level 1:colcon.colcon_core.package_identification:_identify(src/data/30618_f19a4ac3) by extensions ['colcon_meta']
[0.417s] Level 1:colcon.colcon_core.package_identification:_identify(src/data/30618_f19a4ac3) by extension 'colcon_meta'
[0.417s] Level 1:colcon.colcon_core.package_identification:_identify(src/data/30618_f19a4ac3) by extensions ['ros']
[0.417s] Level 1:colcon.colcon_core.package_identification:_identify(src/data/30618_f19a4ac3) by extension 'ros'
[0.417s] Level 1:colcon.colcon_core.package_identification:_identify(src/data/30618_f19a4ac3) by extensions ['cmake', 'python']
[0.417s] Level 1:colcon.colcon_core.package_identification:_identify(src/data/30618_f19a4ac3) by extension 'cmake'
[0.417s] Level 1:colcon.colcon_core.package_identification:_identify(src/data/30618_f19a4ac3) by extension 'python'
[0.417s] Level 1:colcon.colcon_core.package_identification:_identify(src/data/30618_f19a4ac3) by extensions ['python_setup_py']
[0.417s] Level 1:colcon.colcon_core.package_identification:_identify(src/data/30618_f19a4ac3) by extension 'python_setup_py'
[0.417s] Level 1:colcon.colcon_core.package_identification:_identify(src/data/30618_f28179bb) by extensions ['ignore', 'ignore_ament_install']
[0.417s] Level 1:colcon.colcon_core.package_identification:_identify(src/data/30618_f28179bb) by extension 'ignore'
[0.417s] Level 1:colcon.colcon_core.package_identification:_identify(src/data/30618_f28179bb) by extension 'ignore_ament_install'
[0.417s] Level 1:colcon.colcon_core.package_identification:_identify(src/data/30618_f28179bb) by extensions ['colcon_pkg']
[0.417s] Level 1:colcon.colcon_core.package_identification:_identify(src/data/30618_f28179bb) by extension 'colcon_pkg'
[0.417s] Level 1:colcon.colcon_core.package_identification:_identify(src/data/30618_f28179bb) by extensions ['colcon_meta']
[0.417s] Level 1:colcon.colcon_core.package_identification:_identify(src/data/30618_f28179bb) by extension 'colcon_meta'
[0.417s] Level 1:colcon.colcon_core.package_identification:_identify(src/data/30618_f28179bb) by extensions ['ros']
[0.417s] Level 1:colcon.colcon_core.package_identification:_identify(src/data/30618_f28179bb) by extension 'ros'
[0.417s] Level 1:colcon.colcon_core.package_identification:_identify(src/data/30618_f28179bb) by extensions ['cmake', 'python']
[0.417s] Level 1:colcon.colcon_core.package_identification:_identify(src/data/30618_f28179bb) by extension 'cmake'
[0.417s] Level 1:colcon.colcon_core.package_identification:_identify(src/data/30618_f28179bb) by extension 'python'
[0.417s] Level 1:colcon.colcon_core.package_identification:_identify(src/data/30618_f28179bb) by extensions ['python_setup_py']
[0.417s] Level 1:colcon.colcon_core.package_identification:_identify(src/data/30618_f28179bb) by extension 'python_setup_py'
[0.417s] Level 1:colcon.colcon_core.package_identification:_identify(src/data/30618_f3a0694d) by extensions ['ignore', 'ignore_ament_install']
[0.417s] Level 1:colcon.colcon_core.package_identification:_identify(src/data/30618_f3a0694d) by extension 'ignore'
[0.417s] Level 1:colcon.colcon_core.package_identification:_identify(src/data/30618_f3a0694d) by extension 'ignore_ament_install'
[0.417s] Level 1:colcon.colcon_core.package_identification:_identify(src/data/30618_f3a0694d) by extensions ['colcon_pkg']
[0.417s] Level 1:colcon.colcon_core.package_identification:_identify(src/data/30618_f3a0694d) by extension 'colcon_pkg'
[0.417s] Level 1:colcon.colcon_core.package_identification:_identify(src/data/30618_f3a0694d) by extensions ['colcon_meta']
[0.417s] Level 1:colcon.colcon_core.package_identification:_identify(src/data/30618_f3a0694d) by extension 'colcon_meta'
[0.417s] Level 1:colcon.colcon_core.package_identification:_identify(src/data/30618_f3a0694d) by extensions ['ros']
[0.417s] Level 1:colcon.colcon_core.package_identification:_identify(src/data/30618_f3a0694d) by extension 'ros'
[0.417s] Level 1:colcon.colcon_core.package_identification:_identify(src/data/30618_f3a0694d) by extensions ['cmake', 'python']
[0.417s] Level 1:colcon.colcon_core.package_identification:_identify(src/data/30618_f3a0694d) by extension 'cmake'
[0.417s] Level 1:colcon.colcon_core.package_identification:_identify(src/data/30618_f3a0694d) by extension 'python'
[0.417s] Level 1:colcon.colcon_core.package_identification:_identify(src/data/30618_f3a0694d) by extensions ['python_setup_py']
[0.417s] Level 1:colcon.colcon_core.package_identification:_identify(src/data/30618_f3a0694d) by extension 'python_setup_py'
[0.417s] Level 1:colcon.colcon_core.package_identification:_identify(src/data/30618_f3b8c99b) by extensions ['ignore', 'ignore_ament_install']
[0.417s] Level 1:colcon.colcon_core.package_identification:_identify(src/data/30618_f3b8c99b) by extension 'ignore'
[0.418s] Level 1:colcon.colcon_core.package_identification:_identify(src/data/30618_f3b8c99b) by extension 'ignore_ament_install'
[0.418s] Level 1:colcon.colcon_core.package_identification:_identify(src/data/30618_f3b8c99b) by extensions ['colcon_pkg']
[0.418s] Level 1:colcon.colcon_core.package_identification:_identify(src/data/30618_f3b8c99b) by extension 'colcon_pkg'
[0.418s] Level 1:colcon.colcon_core.package_identification:_identify(src/data/30618_f3b8c99b) by extensions ['colcon_meta']
[0.418s] Level 1:colcon.colcon_core.package_identification:_identify(src/data/30618_f3b8c99b) by extension 'colcon_meta'
[0.418s] Level 1:colcon.colcon_core.package_identification:_identify(src/data/30618_f3b8c99b) by extensions ['ros']
[0.418s] Level 1:colcon.colcon_core.package_identification:_identify(src/data/30618_f3b8c99b) by extension 'ros'
[0.418s] Level 1:colcon.colcon_core.package_identification:_identify(src/data/30618_f3b8c99b) by extensions ['cmake', 'python']
[0.418s] Level 1:colcon.colcon_core.package_identification:_identify(src/data/30618_f3b8c99b) by extension 'cmake'
[0.418s] Level 1:colcon.colcon_core.package_identification:_identify(src/data/30618_f3b8c99b) by extension 'python'
[0.418s] Level 1:colcon.colcon_core.package_identification:_identify(src/data/30618_f3b8c99b) by extensions ['python_setup_py']
[0.418s] Level 1:colcon.colcon_core.package_identification:_identify(src/data/30618_f3b8c99b) by extension 'python_setup_py'
[0.418s] Level 1:colcon.colcon_core.package_identification:_identify(src/data/30639_0ab96c59) by extensions ['ignore', 'ignore_ament_install']
[0.418s] Level 1:colcon.colcon_core.package_identification:_identify(src/data/30639_0ab96c59) by extension 'ignore'
[0.418s] Level 1:colcon.colcon_core.package_identification:_identify(src/data/30639_0ab96c59) by extension 'ignore_ament_install'
[0.418s] Level 1:colcon.colcon_core.package_identification:_identify(src/data/30639_0ab96c59) by extensions ['colcon_pkg']
[0.418s] Level 1:colcon.colcon_core.package_identification:_identify(src/data/30639_0ab96c59) by extension 'colcon_pkg'
[0.418s] Level 1:colcon.colcon_core.package_identification:_identify(src/data/30639_0ab96c59) by extensions ['colcon_meta']
[0.418s] Level 1:colcon.colcon_core.package_identification:_identify(src/data/30639_0ab96c59) by extension 'colcon_meta'
[0.418s] Level 1:colcon.colcon_core.package_identification:_identify(src/data/30639_0ab96c59) by extensions ['ros']
[0.418s] Level 1:colcon.colcon_core.package_identification:_identify(src/data/30639_0ab96c59) by extension 'ros'
[0.418s] Level 1:colcon.colcon_core.package_identification:_identify(src/data/30639_0ab96c59) by extensions ['cmake', 'python']
[0.418s] Level 1:colcon.colcon_core.package_identification:_identify(src/data/30639_0ab96c59) by extension 'cmake'
[0.418s] Level 1:colcon.colcon_core.package_identification:_identify(src/data/30639_0ab96c59) by extension 'python'
[0.418s] Level 1:colcon.colcon_core.package_identification:_identify(src/data/30639_0ab96c59) by extensions ['python_setup_py']
[0.418s] Level 1:colcon.colcon_core.package_identification:_identify(src/data/30639_0ab96c59) by extension 'python_setup_py'
[0.418s] Level 1:colcon.colcon_core.package_identification:_identify(src/data/30639_0be558e2) by extensions ['ignore', 'ignore_ament_install']
[0.418s] Level 1:colcon.colcon_core.package_identification:_identify(src/data/30639_0be558e2) by extension 'ignore'
[0.418s] Level 1:colcon.colcon_core.package_identification:_identify(src/data/30639_0be558e2) by extension 'ignore_ament_install'
[0.418s] Level 1:colcon.colcon_core.package_identification:_identify(src/data/30639_0be558e2) by extensions ['colcon_pkg']
[0.418s] Level 1:colcon.colcon_core.package_identification:_identify(src/data/30639_0be558e2) by extension 'colcon_pkg'
[0.418s] Level 1:colcon.colcon_core.package_identification:_identify(src/data/30639_0be558e2) by extensions ['colcon_meta']
[0.418s] Level 1:colcon.colcon_core.package_identification:_identify(src/data/30639_0be558e2) by extension 'colcon_meta'
[0.418s] Level 1:colcon.colcon_core.package_identification:_identify(src/data/30639_0be558e2) by extensions ['ros']
[0.418s] Level 1:colcon.colcon_core.package_identification:_identify(src/data/30639_0be558e2) by extension 'ros'
[0.418s] Level 1:colcon.colcon_core.package_identification:_identify(src/data/30639_0be558e2) by extensions ['cmake', 'python']
[0.418s] Level 1:colcon.colcon_core.package_identification:_identify(src/data/30639_0be558e2) by extension 'cmake'
[0.418s] Level 1:colcon.colcon_core.package_identification:_identify(src/data/30639_0be558e2) by extension 'python'
[0.418s] Level 1:colcon.colcon_core.package_identification:_identify(src/data/30639_0be558e2) by extensions ['python_setup_py']
[0.418s] Level 1:colcon.colcon_core.package_identification:_identify(src/data/30639_0be558e2) by extension 'python_setup_py'
[0.418s] Level 1:colcon.colcon_core.package_identification:_identify(src/data/30639_253671cc) by extensions ['ignore', 'ignore_ament_install']
[0.418s] Level 1:colcon.colcon_core.package_identification:_identify(src/data/30639_253671cc) by extension 'ignore'
[0.418s] Level 1:colcon.colcon_core.package_identification:_identify(src/data/30639_253671cc) by extension 'ignore_ament_install'
[0.418s] Level 1:colcon.colcon_core.package_identification:_identify(src/data/30639_253671cc) by extensions ['colcon_pkg']
[0.418s] Level 1:colcon.colcon_core.package_identification:_identify(src/data/30639_253671cc) by extension 'colcon_pkg'
[0.418s] Level 1:colcon.colcon_core.package_identification:_identify(src/data/30639_253671cc) by extensions ['colcon_meta']
[0.418s] Level 1:colcon.colcon_core.package_identification:_identify(src/data/30639_253671cc) by extension 'colcon_meta'
[0.418s] Level 1:colcon.colcon_core.package_identification:_identify(src/data/30639_253671cc) by extensions ['ros']
[0.418s] Level 1:colcon.colcon_core.package_identification:_identify(src/data/30639_253671cc) by extension 'ros'
[0.418s] Level 1:colcon.colcon_core.package_identification:_identify(src/data/30639_253671cc) by extensions ['cmake', 'python']
[0.419s] Level 1:colcon.colcon_core.package_identification:_identify(src/data/30639_253671cc) by extension 'cmake'
[0.419s] Level 1:colcon.colcon_core.package_identification:_identify(src/data/30639_253671cc) by extension 'python'
[0.419s] Level 1:colcon.colcon_core.package_identification:_identify(src/data/30639_253671cc) by extensions ['python_setup_py']
[0.419s] Level 1:colcon.colcon_core.package_identification:_identify(src/data/30639_253671cc) by extension 'python_setup_py'
[0.419s] Level 1:colcon.colcon_core.package_identification:_identify(src/data/30639_2b4a6347) by extensions ['ignore', 'ignore_ament_install']
[0.419s] Level 1:colcon.colcon_core.package_identification:_identify(src/data/30639_2b4a6347) by extension 'ignore'
[0.419s] Level 1:colcon.colcon_core.package_identification:_identify(src/data/30639_2b4a6347) by extension 'ignore_ament_install'
[0.419s] Level 1:colcon.colcon_core.package_identification:_identify(src/data/30639_2b4a6347) by extensions ['colcon_pkg']
[0.419s] Level 1:colcon.colcon_core.package_identification:_identify(src/data/30639_2b4a6347) by extension 'colcon_pkg'
[0.419s] Level 1:colcon.colcon_core.package_identification:_identify(src/data/30639_2b4a6347) by extensions ['colcon_meta']
[0.419s] Level 1:colcon.colcon_core.package_identification:_identify(src/data/30639_2b4a6347) by extension 'colcon_meta'
[0.419s] Level 1:colcon.colcon_core.package_identification:_identify(src/data/30639_2b4a6347) by extensions ['ros']
[0.419s] Level 1:colcon.colcon_core.package_identification:_identify(src/data/30639_2b4a6347) by extension 'ros'
[0.419s] Level 1:colcon.colcon_core.package_identification:_identify(src/data/30639_2b4a6347) by extensions ['cmake', 'python']
[0.419s] Level 1:colcon.colcon_core.package_identification:_identify(src/data/30639_2b4a6347) by extension 'cmake'
[0.419s] Level 1:colcon.colcon_core.package_identification:_identify(src/data/30639_2b4a6347) by extension 'python'
[0.419s] Level 1:colcon.colcon_core.package_identification:_identify(src/data/30639_2b4a6347) by extensions ['python_setup_py']
[0.419s] Level 1:colcon.colcon_core.package_identification:_identify(src/data/30639_2b4a6347) by extension 'python_setup_py'
[0.419s] Level 1:colcon.colcon_core.package_identification:_identify(src/data/30639_3b3d9eb8) by extensions ['ignore', 'ignore_ament_install']
[0.419s] Level 1:colcon.colcon_core.package_identification:_identify(src/data/30639_3b3d9eb8) by extension 'ignore'
[0.419s] Level 1:colcon.colcon_core.package_identification:_identify(src/data/30639_3b3d9eb8) by extension 'ignore_ament_install'
[0.419s] Level 1:colcon.colcon_core.package_identification:_identify(src/data/30639_3b3d9eb8) by extensions ['colcon_pkg']
[0.419s] Level 1:colcon.colcon_core.package_identification:_identify(src/data/30639_3b3d9eb8) by extension 'colcon_pkg'
[0.419s] Level 1:colcon.colcon_core.package_identification:_identify(src/data/30639_3b3d9eb8) by extensions ['colcon_meta']
[0.419s] Level 1:colcon.colcon_core.package_identification:_identify(src/data/30639_3b3d9eb8) by extension 'colcon_meta'
[0.419s] Level 1:colcon.colcon_core.package_identification:_identify(src/data/30639_3b3d9eb8) by extensions ['ros']
[0.419s] Level 1:colcon.colcon_core.package_identification:_identify(src/data/30639_3b3d9eb8) by extension 'ros'
[0.419s] Level 1:colcon.colcon_core.package_identification:_identify(src/data/30639_3b3d9eb8) by extensions ['cmake', 'python']
[0.419s] Level 1:colcon.colcon_core.package_identification:_identify(src/data/30639_3b3d9eb8) by extension 'cmake'
[0.419s] Level 1:colcon.colcon_core.package_identification:_identify(src/data/30639_3b3d9eb8) by extension 'python'
[0.419s] Level 1:colcon.colcon_core.package_identification:_identify(src/data/30639_3b3d9eb8) by extensions ['python_setup_py']
[0.419s] Level 1:colcon.colcon_core.package_identification:_identify(src/data/30639_3b3d9eb8) by extension 'python_setup_py'
[0.419s] Level 1:colcon.colcon_core.package_identification:_identify(src/data/30639_4285f2bc) by extensions ['ignore', 'ignore_ament_install']
[0.419s] Level 1:colcon.colcon_core.package_identification:_identify(src/data/30639_4285f2bc) by extension 'ignore'
[0.419s] Level 1:colcon.colcon_core.package_identification:_identify(src/data/30639_4285f2bc) by extension 'ignore_ament_install'
[0.419s] Level 1:colcon.colcon_core.package_identification:_identify(src/data/30639_4285f2bc) by extensions ['colcon_pkg']
[0.419s] Level 1:colcon.colcon_core.package_identification:_identify(src/data/30639_4285f2bc) by extension 'colcon_pkg'
[0.419s] Level 1:colcon.colcon_core.package_identification:_identify(src/data/30639_4285f2bc) by extensions ['colcon_meta']
[0.419s] Level 1:colcon.colcon_core.package_identification:_identify(src/data/30639_4285f2bc) by extension 'colcon_meta'
[0.419s] Level 1:colcon.colcon_core.package_identification:_identify(src/data/30639_4285f2bc) by extensions ['ros']
[0.419s] Level 1:colcon.colcon_core.package_identification:_identify(src/data/30639_4285f2bc) by extension 'ros'
[0.419s] Level 1:colcon.colcon_core.package_identification:_identify(src/data/30639_4285f2bc) by extensions ['cmake', 'python']
[0.419s] Level 1:colcon.colcon_core.package_identification:_identify(src/data/30639_4285f2bc) by extension 'cmake'
[0.419s] Level 1:colcon.colcon_core.package_identification:_identify(src/data/30639_4285f2bc) by extension 'python'
[0.419s] Level 1:colcon.colcon_core.package_identification:_identify(src/data/30639_4285f2bc) by extensions ['python_setup_py']
[0.419s] Level 1:colcon.colcon_core.package_identification:_identify(src/data/30639_4285f2bc) by extension 'python_setup_py'
[0.419s] Level 1:colcon.colcon_core.package_identification:_identify(src/data/30639_44226bde) by extensions ['ignore', 'ignore_ament_install']
[0.419s] Level 1:colcon.colcon_core.package_identification:_identify(src/data/30639_44226bde) by extension 'ignore'
[0.419s] Level 1:colcon.colcon_core.package_identification:_identify(src/data/30639_44226bde) by extension 'ignore_ament_install'
[0.419s] Level 1:colcon.colcon_core.package_identification:_identify(src/data/30639_44226bde) by extensions ['colcon_pkg']
[0.419s] Level 1:colcon.colcon_core.package_identification:_identify(src/data/30639_44226bde) by extension 'colcon_pkg'
[0.419s] Level 1:colcon.colcon_core.package_identification:_identify(src/data/30639_44226bde) by extensions ['colcon_meta']
[0.419s] Level 1:colcon.colcon_core.package_identification:_identify(src/data/30639_44226bde) by extension 'colcon_meta'
[0.419s] Level 1:colcon.colcon_core.package_identification:_identify(src/data/30639_44226bde) by extensions ['ros']
[0.419s] Level 1:colcon.colcon_core.package_identification:_identify(src/data/30639_44226bde) by extension 'ros'
[0.419s] Level 1:colcon.colcon_core.package_identification:_identify(src/data/30639_44226bde) by extensions ['cmake', 'python']
[0.420s] Level 1:colcon.colcon_core.package_identification:_identify(src/data/30639_44226bde) by extension 'cmake'
[0.420s] Level 1:colcon.colcon_core.package_identification:_identify(src/data/30639_44226bde) by extension 'python'
[0.420s] Level 1:colcon.colcon_core.package_identification:_identify(src/data/30639_44226bde) by extensions ['python_setup_py']
[0.420s] Level 1:colcon.colcon_core.package_identification:_identify(src/data/30639_44226bde) by extension 'python_setup_py'
[0.420s] Level 1:colcon.colcon_core.package_identification:_identify(src/data/30639_50956d6e) by extensions ['ignore', 'ignore_ament_install']
[0.420s] Level 1:colcon.colcon_core.package_identification:_identify(src/data/30639_50956d6e) by extension 'ignore'
[0.420s] Level 1:colcon.colcon_core.package_identification:_identify(src/data/30639_50956d6e) by extension 'ignore_ament_install'
[0.420s] Level 1:colcon.colcon_core.package_identification:_identify(src/data/30639_50956d6e) by extensions ['colcon_pkg']
[0.420s] Level 1:colcon.colcon_core.package_identification:_identify(src/data/30639_50956d6e) by extension 'colcon_pkg'
[0.420s] Level 1:colcon.colcon_core.package_identification:_identify(src/data/30639_50956d6e) by extensions ['colcon_meta']
[0.420s] Level 1:colcon.colcon_core.package_identification:_identify(src/data/30639_50956d6e) by extension 'colcon_meta'
[0.420s] Level 1:colcon.colcon_core.package_identification:_identify(src/data/30639_50956d6e) by extensions ['ros']
[0.420s] Level 1:colcon.colcon_core.package_identification:_identify(src/data/30639_50956d6e) by extension 'ros'
[0.420s] Level 1:colcon.colcon_core.package_identification:_identify(src/data/30639_50956d6e) by extensions ['cmake', 'python']
[0.420s] Level 1:colcon.colcon_core.package_identification:_identify(src/data/30639_50956d6e) by extension 'cmake'
[0.420s] Level 1:colcon.colcon_core.package_identification:_identify(src/data/30639_50956d6e) by extension 'python'
[0.420s] Level 1:colcon.colcon_core.package_identification:_identify(src/data/30639_50956d6e) by extensions ['python_setup_py']
[0.420s] Level 1:colcon.colcon_core.package_identification:_identify(src/data/30639_50956d6e) by extension 'python_setup_py'
[0.420s] Level 1:colcon.colcon_core.package_identification:_identify(src/data/30639_584b6e32) by extensions ['ignore', 'ignore_ament_install']
[0.420s] Level 1:colcon.colcon_core.package_identification:_identify(src/data/30639_584b6e32) by extension 'ignore'
[0.420s] Level 1:colcon.colcon_core.package_identification:_identify(src/data/30639_584b6e32) by extension 'ignore_ament_install'
[0.420s] Level 1:colcon.colcon_core.package_identification:_identify(src/data/30639_584b6e32) by extensions ['colcon_pkg']
[0.420s] Level 1:colcon.colcon_core.package_identification:_identify(src/data/30639_584b6e32) by extension 'colcon_pkg'
[0.420s] Level 1:colcon.colcon_core.package_identification:_identify(src/data/30639_584b6e32) by extensions ['colcon_meta']
[0.420s] Level 1:colcon.colcon_core.package_identification:_identify(src/data/30639_584b6e32) by extension 'colcon_meta'
[0.420s] Level 1:colcon.colcon_core.package_identification:_identify(src/data/30639_584b6e32) by extensions ['ros']
[0.420s] Level 1:colcon.colcon_core.package_identification:_identify(src/data/30639_584b6e32) by extension 'ros'
[0.420s] Level 1:colcon.colcon_core.package_identification:_identify(src/data/30639_584b6e32) by extensions ['cmake', 'python']
[0.420s] Level 1:colcon.colcon_core.package_identification:_identify(src/data/30639_584b6e32) by extension 'cmake'
[0.420s] Level 1:colcon.colcon_core.package_identification:_identify(src/data/30639_584b6e32) by extension 'python'
[0.420s] Level 1:colcon.colcon_core.package_identification:_identify(src/data/30639_584b6e32) by extensions ['python_setup_py']
[0.420s] Level 1:colcon.colcon_core.package_identification:_identify(src/data/30639_584b6e32) by extension 'python_setup_py'
[0.420s] Level 1:colcon.colcon_core.package_identification:_identify(src/data/30639_92226df0) by extensions ['ignore', 'ignore_ament_install']
[0.420s] Level 1:colcon.colcon_core.package_identification:_identify(src/data/30639_92226df0) by extension 'ignore'
[0.420s] Level 1:colcon.colcon_core.package_identification:_identify(src/data/30639_92226df0) by extension 'ignore_ament_install'
[0.420s] Level 1:colcon.colcon_core.package_identification:_identify(src/data/30639_92226df0) by extensions ['colcon_pkg']
[0.420s] Level 1:colcon.colcon_core.package_identification:_identify(src/data/30639_92226df0) by extension 'colcon_pkg'
[0.420s] Level 1:colcon.colcon_core.package_identification:_identify(src/data/30639_92226df0) by extensions ['colcon_meta']
[0.420s] Level 1:colcon.colcon_core.package_identification:_identify(src/data/30639_92226df0) by extension 'colcon_meta'
[0.420s] Level 1:colcon.colcon_core.package_identification:_identify(src/data/30639_92226df0) by extensions ['ros']
[0.420s] Level 1:colcon.colcon_core.package_identification:_identify(src/data/30639_92226df0) by extension 'ros'
[0.420s] Level 1:colcon.colcon_core.package_identification:_identify(src/data/30639_92226df0) by extensions ['cmake', 'python']
[0.420s] Level 1:colcon.colcon_core.package_identification:_identify(src/data/30639_92226df0) by extension 'cmake'
[0.420s] Level 1:colcon.colcon_core.package_identification:_identify(src/data/30639_92226df0) by extension 'python'
[0.420s] Level 1:colcon.colcon_core.package_identification:_identify(src/data/30639_92226df0) by extensions ['python_setup_py']
[0.420s] Level 1:colcon.colcon_core.package_identification:_identify(src/data/30639_92226df0) by extension 'python_setup_py'
[0.420s] Level 1:colcon.colcon_core.package_identification:_identify(src/data/30639_927002c2) by extensions ['ignore', 'ignore_ament_install']
[0.420s] Level 1:colcon.colcon_core.package_identification:_identify(src/data/30639_927002c2) by extension 'ignore'
[0.421s] Level 1:colcon.colcon_core.package_identification:_identify(src/data/30639_927002c2) by extension 'ignore_ament_install'
[0.421s] Level 1:colcon.colcon_core.package_identification:_identify(src/data/30639_927002c2) by extensions ['colcon_pkg']
[0.421s] Level 1:colcon.colcon_core.package_identification:_identify(src/data/30639_927002c2) by extension 'colcon_pkg'
[0.421s] Level 1:colcon.colcon_core.package_identification:_identify(src/data/30639_927002c2) by extensions ['colcon_meta']
[0.421s] Level 1:colcon.colcon_core.package_identification:_identify(src/data/30639_927002c2) by extension 'colcon_meta'
[0.421s] Level 1:colcon.colcon_core.package_identification:_identify(src/data/30639_927002c2) by extensions ['ros']
[0.421s] Level 1:colcon.colcon_core.package_identification:_identify(src/data/30639_927002c2) by extension 'ros'
[0.421s] Level 1:colcon.colcon_core.package_identification:_identify(src/data/30639_927002c2) by extensions ['cmake', 'python']
[0.421s] Level 1:colcon.colcon_core.package_identification:_identify(src/data/30639_927002c2) by extension 'cmake'
[0.421s] Level 1:colcon.colcon_core.package_identification:_identify(src/data/30639_927002c2) by extension 'python'
[0.421s] Level 1:colcon.colcon_core.package_identification:_identify(src/data/30639_927002c2) by extensions ['python_setup_py']
[0.421s] Level 1:colcon.colcon_core.package_identification:_identify(src/data/30639_927002c2) by extension 'python_setup_py'
[0.421s] Level 1:colcon.colcon_core.package_identification:_identify(src/data/30639_9c362687) by extensions ['ignore', 'ignore_ament_install']
[0.421s] Level 1:colcon.colcon_core.package_identification:_identify(src/data/30639_9c362687) by extension 'ignore'
[0.421s] Level 1:colcon.colcon_core.package_identification:_identify(src/data/30639_9c362687) by extension 'ignore_ament_install'
[0.421s] Level 1:colcon.colcon_core.package_identification:_identify(src/data/30639_9c362687) by extensions ['colcon_pkg']
[0.421s] Level 1:colcon.colcon_core.package_identification:_identify(src/data/30639_9c362687) by extension 'colcon_pkg'
[0.421s] Level 1:colcon.colcon_core.package_identification:_identify(src/data/30639_9c362687) by extensions ['colcon_meta']
[0.421s] Level 1:colcon.colcon_core.package_identification:_identify(src/data/30639_9c362687) by extension 'colcon_meta'
[0.421s] Level 1:colcon.colcon_core.package_identification:_identify(src/data/30639_9c362687) by extensions ['ros']
[0.421s] Level 1:colcon.colcon_core.package_identification:_identify(src/data/30639_9c362687) by extension 'ros'
[0.421s] Level 1:colcon.colcon_core.package_identification:_identify(src/data/30639_9c362687) by extensions ['cmake', 'python']
[0.421s] Level 1:colcon.colcon_core.package_identification:_identify(src/data/30639_9c362687) by extension 'cmake'
[0.421s] Level 1:colcon.colcon_core.package_identification:_identify(src/data/30639_9c362687) by extension 'python'
[0.421s] Level 1:colcon.colcon_core.package_identification:_identify(src/data/30639_9c362687) by extensions ['python_setup_py']
[0.421s] Level 1:colcon.colcon_core.package_identification:_identify(src/data/30639_9c362687) by extension 'python_setup_py'
[0.421s] Level 1:colcon.colcon_core.package_identification:_identify(src/data/30639_9f0b519f) by extensions ['ignore', 'ignore_ament_install']
[0.421s] Level 1:colcon.colcon_core.package_identification:_identify(src/data/30639_9f0b519f) by extension 'ignore'
[0.421s] Level 1:colcon.colcon_core.package_identification:_identify(src/data/30639_9f0b519f) by extension 'ignore_ament_install'
[0.421s] Level 1:colcon.colcon_core.package_identification:_identify(src/data/30639_9f0b519f) by extensions ['colcon_pkg']
[0.421s] Level 1:colcon.colcon_core.package_identification:_identify(src/data/30639_9f0b519f) by extension 'colcon_pkg'
[0.421s] Level 1:colcon.colcon_core.package_identification:_identify(src/data/30639_9f0b519f) by extensions ['colcon_meta']
[0.421s] Level 1:colcon.colcon_core.package_identification:_identify(src/data/30639_9f0b519f) by extension 'colcon_meta'
[0.421s] Level 1:colcon.colcon_core.package_identification:_identify(src/data/30639_9f0b519f) by extensions ['ros']
[0.421s] Level 1:colcon.colcon_core.package_identification:_identify(src/data/30639_9f0b519f) by extension 'ros'
[0.421s] Level 1:colcon.colcon_core.package_identification:_identify(src/data/30639_9f0b519f) by extensions ['cmake', 'python']
[0.421s] Level 1:colcon.colcon_core.package_identification:_identify(src/data/30639_9f0b519f) by extension 'cmake'
[0.421s] Level 1:colcon.colcon_core.package_identification:_identify(src/data/30639_9f0b519f) by extension 'python'
[0.421s] Level 1:colcon.colcon_core.package_identification:_identify(src/data/30639_9f0b519f) by extensions ['python_setup_py']
[0.421s] Level 1:colcon.colcon_core.package_identification:_identify(src/data/30639_9f0b519f) by extension 'python_setup_py'
[0.421s] Level 1:colcon.colcon_core.package_identification:_identify(src/data/30639_c31df386) by extensions ['ignore', 'ignore_ament_install']
[0.421s] Level 1:colcon.colcon_core.package_identification:_identify(src/data/30639_c31df386) by extension 'ignore'
[0.421s] Level 1:colcon.colcon_core.package_identification:_identify(src/data/30639_c31df386) by extension 'ignore_ament_install'
[0.421s] Level 1:colcon.colcon_core.package_identification:_identify(src/data/30639_c31df386) by extensions ['colcon_pkg']
[0.421s] Level 1:colcon.colcon_core.package_identification:_identify(src/data/30639_c31df386) by extension 'colcon_pkg'
[0.421s] Level 1:colcon.colcon_core.package_identification:_identify(src/data/30639_c31df386) by extensions ['colcon_meta']
[0.421s] Level 1:colcon.colcon_core.package_identification:_identify(src/data/30639_c31df386) by extension 'colcon_meta'
[0.421s] Level 1:colcon.colcon_core.package_identification:_identify(src/data/30639_c31df386) by extensions ['ros']
[0.421s] Level 1:colcon.colcon_core.package_identification:_identify(src/data/30639_c31df386) by extension 'ros'
[0.421s] Level 1:colcon.colcon_core.package_identification:_identify(src/data/30639_c31df386) by extensions ['cmake', 'python']
[0.421s] Level 1:colcon.colcon_core.package_identification:_identify(src/data/30639_c31df386) by extension 'cmake'
[0.422s] Level 1:colcon.colcon_core.package_identification:_identify(src/data/30639_c31df386) by extension 'python'
[0.422s] Level 1:colcon.colcon_core.package_identification:_identify(src/data/30639_c31df386) by extensions ['python_setup_py']
[0.422s] Level 1:colcon.colcon_core.package_identification:_identify(src/data/30639_c31df386) by extension 'python_setup_py'
[0.422s] Level 1:colcon.colcon_core.package_identification:_identify(src/data/30639_d3c43d69) by extensions ['ignore', 'ignore_ament_install']
[0.422s] Level 1:colcon.colcon_core.package_identification:_identify(src/data/30639_d3c43d69) by extension 'ignore'
[0.422s] Level 1:colcon.colcon_core.package_identification:_identify(src/data/30639_d3c43d69) by extension 'ignore_ament_install'
[0.422s] Level 1:colcon.colcon_core.package_identification:_identify(src/data/30639_d3c43d69) by extensions ['colcon_pkg']
[0.422s] Level 1:colcon.colcon_core.package_identification:_identify(src/data/30639_d3c43d69) by extension 'colcon_pkg'
[0.422s] Level 1:colcon.colcon_core.package_identification:_identify(src/data/30639_d3c43d69) by extensions ['colcon_meta']
[0.422s] Level 1:colcon.colcon_core.package_identification:_identify(src/data/30639_d3c43d69) by extension 'colcon_meta'
[0.422s] Level 1:colcon.colcon_core.package_identification:_identify(src/data/30639_d3c43d69) by extensions ['ros']
[0.422s] Level 1:colcon.colcon_core.package_identification:_identify(src/data/30639_d3c43d69) by extension 'ros'
[0.422s] Level 1:colcon.colcon_core.package_identification:_identify(src/data/30639_d3c43d69) by extensions ['cmake', 'python']
[0.422s] Level 1:colcon.colcon_core.package_identification:_identify(src/data/30639_d3c43d69) by extension 'cmake'
[0.422s] Level 1:colcon.colcon_core.package_identification:_identify(src/data/30639_d3c43d69) by extension 'python'
[0.422s] Level 1:colcon.colcon_core.package_identification:_identify(src/data/30639_d3c43d69) by extensions ['python_setup_py']
[0.422s] Level 1:colcon.colcon_core.package_identification:_identify(src/data/30639_d3c43d69) by extension 'python_setup_py'
[0.422s] Level 1:colcon.colcon_core.package_identification:_identify(src/data/30639_d601d28f) by extensions ['ignore', 'ignore_ament_install']
[0.422s] Level 1:colcon.colcon_core.package_identification:_identify(src/data/30639_d601d28f) by extension 'ignore'
[0.422s] Level 1:colcon.colcon_core.package_identification:_identify(src/data/30639_d601d28f) by extension 'ignore_ament_install'
[0.422s] Level 1:colcon.colcon_core.package_identification:_identify(src/data/30639_d601d28f) by extensions ['colcon_pkg']
[0.422s] Level 1:colcon.colcon_core.package_identification:_identify(src/data/30639_d601d28f) by extension 'colcon_pkg'
[0.422s] Level 1:colcon.colcon_core.package_identification:_identify(src/data/30639_d601d28f) by extensions ['colcon_meta']
[0.422s] Level 1:colcon.colcon_core.package_identification:_identify(src/data/30639_d601d28f) by extension 'colcon_meta'
[0.422s] Level 1:colcon.colcon_core.package_identification:_identify(src/data/30639_d601d28f) by extensions ['ros']
[0.422s] Level 1:colcon.colcon_core.package_identification:_identify(src/data/30639_d601d28f) by extension 'ros'
[0.422s] Level 1:colcon.colcon_core.package_identification:_identify(src/data/30639_d601d28f) by extensions ['cmake', 'python']
[0.422s] Level 1:colcon.colcon_core.package_identification:_identify(src/data/30639_d601d28f) by extension 'cmake'
[0.422s] Level 1:colcon.colcon_core.package_identification:_identify(src/data/30639_d601d28f) by extension 'python'
[0.422s] Level 1:colcon.colcon_core.package_identification:_identify(src/data/30639_d601d28f) by extensions ['python_setup_py']
[0.422s] Level 1:colcon.colcon_core.package_identification:_identify(src/data/30639_d601d28f) by extension 'python_setup_py'
[0.423s] Level 1:colcon.colcon_core.package_identification:_identify(src/data/30639_d927f360) by extensions ['ignore', 'ignore_ament_install']
[0.423s] Level 1:colcon.colcon_core.package_identification:_identify(src/data/30639_d927f360) by extension 'ignore'
[0.423s] Level 1:colcon.colcon_core.package_identification:_identify(src/data/30639_d927f360) by extension 'ignore_ament_install'
[0.423s] Level 1:colcon.colcon_core.package_identification:_identify(src/data/30639_d927f360) by extensions ['colcon_pkg']
[0.423s] Level 1:colcon.colcon_core.package_identification:_identify(src/data/30639_d927f360) by extension 'colcon_pkg'
[0.423s] Level 1:colcon.colcon_core.package_identification:_identify(src/data/30639_d927f360) by extensions ['colcon_meta']
[0.423s] Level 1:colcon.colcon_core.package_identification:_identify(src/data/30639_d927f360) by extension 'colcon_meta'
[0.423s] Level 1:colcon.colcon_core.package_identification:_identify(src/data/30639_d927f360) by extensions ['ros']
[0.423s] Level 1:colcon.colcon_core.package_identification:_identify(src/data/30639_d927f360) by extension 'ros'
[0.423s] Level 1:colcon.colcon_core.package_identification:_identify(src/data/30639_d927f360) by extensions ['cmake', 'python']
[0.423s] Level 1:colcon.colcon_core.package_identification:_identify(src/data/30639_d927f360) by extension 'cmake'
[0.423s] Level 1:colcon.colcon_core.package_identification:_identify(src/data/30639_d927f360) by extension 'python'
[0.423s] Level 1:colcon.colcon_core.package_identification:_identify(src/data/30639_d927f360) by extensions ['python_setup_py']
[0.423s] Level 1:colcon.colcon_core.package_identification:_identify(src/data/30639_d927f360) by extension 'python_setup_py'
[0.423s] Level 1:colcon.colcon_core.package_identification:_identify(src/data/30639_dce52be4) by extensions ['ignore', 'ignore_ament_install']
[0.423s] Level 1:colcon.colcon_core.package_identification:_identify(src/data/30639_dce52be4) by extension 'ignore'
[0.423s] Level 1:colcon.colcon_core.package_identification:_identify(src/data/30639_dce52be4) by extension 'ignore_ament_install'
[0.423s] Level 1:colcon.colcon_core.package_identification:_identify(src/data/30639_dce52be4) by extensions ['colcon_pkg']
[0.423s] Level 1:colcon.colcon_core.package_identification:_identify(src/data/30639_dce52be4) by extension 'colcon_pkg'
[0.423s] Level 1:colcon.colcon_core.package_identification:_identify(src/data/30639_dce52be4) by extensions ['colcon_meta']
[0.423s] Level 1:colcon.colcon_core.package_identification:_identify(src/data/30639_dce52be4) by extension 'colcon_meta'
[0.423s] Level 1:colcon.colcon_core.package_identification:_identify(src/data/30639_dce52be4) by extensions ['ros']
[0.423s] Level 1:colcon.colcon_core.package_identification:_identify(src/data/30639_dce52be4) by extension 'ros'
[0.423s] Level 1:colcon.colcon_core.package_identification:_identify(src/data/30639_dce52be4) by extensions ['cmake', 'python']
[0.423s] Level 1:colcon.colcon_core.package_identification:_identify(src/data/30639_dce52be4) by extension 'cmake'
[0.423s] Level 1:colcon.colcon_core.package_identification:_identify(src/data/30639_dce52be4) by extension 'python'
[0.423s] Level 1:colcon.colcon_core.package_identification:_identify(src/data/30639_dce52be4) by extensions ['python_setup_py']
[0.423s] Level 1:colcon.colcon_core.package_identification:_identify(src/data/30639_dce52be4) by extension 'python_setup_py'
[0.423s] Level 1:colcon.colcon_core.package_identification:_identify(src/data/30639_e4379d7f) by extensions ['ignore', 'ignore_ament_install']
[0.423s] Level 1:colcon.colcon_core.package_identification:_identify(src/data/30639_e4379d7f) by extension 'ignore'
[0.423s] Level 1:colcon.colcon_core.package_identification:_identify(src/data/30639_e4379d7f) by extension 'ignore_ament_install'
[0.423s] Level 1:colcon.colcon_core.package_identification:_identify(src/data/30639_e4379d7f) by extensions ['colcon_pkg']
[0.423s] Level 1:colcon.colcon_core.package_identification:_identify(src/data/30639_e4379d7f) by extension 'colcon_pkg'
[0.423s] Level 1:colcon.colcon_core.package_identification:_identify(src/data/30639_e4379d7f) by extensions ['colcon_meta']
[0.423s] Level 1:colcon.colcon_core.package_identification:_identify(src/data/30639_e4379d7f) by extension 'colcon_meta'
[0.423s] Level 1:colcon.colcon_core.package_identification:_identify(src/data/30639_e4379d7f) by extensions ['ros']
[0.423s] Level 1:colcon.colcon_core.package_identification:_identify(src/data/30639_e4379d7f) by extension 'ros'
[0.423s] Level 1:colcon.colcon_core.package_identification:_identify(src/data/30639_e4379d7f) by extensions ['cmake', 'python']
[0.423s] Level 1:colcon.colcon_core.package_identification:_identify(src/data/30639_e4379d7f) by extension 'cmake'
[0.423s] Level 1:colcon.colcon_core.package_identification:_identify(src/data/30639_e4379d7f) by extension 'python'
[0.423s] Level 1:colcon.colcon_core.package_identification:_identify(src/data/30639_e4379d7f) by extensions ['python_setup_py']
[0.423s] Level 1:colcon.colcon_core.package_identification:_identify(src/data/30639_e4379d7f) by extension 'python_setup_py'
[0.423s] Level 1:colcon.colcon_core.package_identification:_identify(src/tram_reserve_odometry) by extensions ['ignore', 'ignore_ament_install']
[0.423s] Level 1:colcon.colcon_core.package_identification:_identify(src/tram_reserve_odometry) by extension 'ignore'
[0.423s] Level 1:colcon.colcon_core.package_identification:_identify(src/tram_reserve_odometry) by extension 'ignore_ament_install'
[0.423s] Level 1:colcon.colcon_core.package_identification:_identify(src/tram_reserve_odometry) by extensions ['colcon_pkg']
[0.423s] Level 1:colcon.colcon_core.package_identification:_identify(src/tram_reserve_odometry) by extension 'colcon_pkg'
[0.423s] Level 1:colcon.colcon_core.package_identification:_identify(src/tram_reserve_odometry) by extensions ['colcon_meta']
[0.423s] Level 1:colcon.colcon_core.package_identification:_identify(src/tram_reserve_odometry) by extension 'colcon_meta'
[0.423s] Level 1:colcon.colcon_core.package_identification:_identify(src/tram_reserve_odometry) by extensions ['ros']
[0.423s] Level 1:colcon.colcon_core.package_identification:_identify(src/tram_reserve_odometry) by extension 'ros'
[0.426s] DEBUG:colcon.colcon_core.package_identification:Package 'src/tram_reserve_odometry' with type 'ros.ament_python' and name 'tram_reserve_odometry'
[0.426s] Level 1:colcon.colcon_core.package_identification:_identify(src/tram_vehicle_msgs) by extensions ['ignore', 'ignore_ament_install']
[0.426s] Level 1:colcon.colcon_core.package_identification:_identify(src/tram_vehicle_msgs) by extension 'ignore'
[0.426s] Level 1:colcon.colcon_core.package_identification:_identify(src/tram_vehicle_msgs) by extension 'ignore_ament_install'
[0.426s] Level 1:colcon.colcon_core.package_identification:_identify(src/tram_vehicle_msgs) by extensions ['colcon_pkg']
[0.426s] Level 1:colcon.colcon_core.package_identification:_identify(src/tram_vehicle_msgs) by extension 'colcon_pkg'
[0.426s] Level 1:colcon.colcon_core.package_identification:_identify(src/tram_vehicle_msgs) by extensions ['colcon_meta']
[0.426s] Level 1:colcon.colcon_core.package_identification:_identify(src/tram_vehicle_msgs) by extension 'colcon_meta'
[0.426s] Level 1:colcon.colcon_core.package_identification:_identify(src/tram_vehicle_msgs) by extensions ['ros']
[0.426s] Level 1:colcon.colcon_core.package_identification:_identify(src/tram_vehicle_msgs) by extension 'ros'
[0.426s] DEBUG:colcon.colcon_core.package_identification:Package 'src/tram_vehicle_msgs' with type 'ros.ament_cmake' and name 'tram_vehicle_msgs'
[0.427s] Level 1:colcon.colcon_core.package_discovery:discover_packages(recursive) using defaults
[0.427s] Level 1:colcon.colcon_core.package_discovery:discover_packages(ignore) discover
[0.427s] Level 1:colcon.colcon_core.package_discovery:discover_packages(ignore) using defaults
[0.427s] Level 1:colcon.colcon_core.package_discovery:discover_packages(path) discover
[0.427s] Level 1:colcon.colcon_core.package_discovery:discover_packages(path) using defaults
[0.455s] Level 1:colcon.colcon_core.package_discovery:discover_packages(prefix_path) check parameters
[0.455s] Level 1:colcon.colcon_core.package_discovery:discover_packages(prefix_path) discover
[0.457s] DEBUG:colcon.colcon_installed_package_information.package_discovery:Found 2 installed packages in /home/w6228/tram_ws/install
[0.457s] DEBUG:colcon.colcon_installed_package_information.package_discovery:Found 184 installed packages in /opt/ros/humble
[0.458s] Level 1:colcon.colcon_core.package_discovery:discover_packages(prefix_path) using defaults
[0.481s] Level 5:colcon.colcon_core.verb:set package 'tram_vehicle_msgs' build argument 'cmake_args' from command line to 'None'
[0.481s] Level 5:colcon.colcon_core.verb:set package 'tram_vehicle_msgs' build argument 'cmake_target' from command line to 'None'
[0.481s] Level 5:colcon.colcon_core.verb:set package 'tram_vehicle_msgs' build argument 'cmake_target_skip_unavailable' from command line to 'False'
[0.481s] Level 5:colcon.colcon_core.verb:set package 'tram_vehicle_msgs' build argument 'cmake_clean_cache' from command line to 'False'
[0.481s] Level 5:colcon.colcon_core.verb:set package 'tram_vehicle_msgs' build argument 'cmake_clean_first' from command line to 'False'
[0.481s] Level 5:colcon.colcon_core.verb:set package 'tram_vehicle_msgs' build argument 'cmake_force_configure' from command line to 'False'
[0.481s] Level 5:colcon.colcon_core.verb:set package 'tram_vehicle_msgs' build argument 'ament_cmake_args' from command line to 'None'
[0.481s] Level 5:colcon.colcon_core.verb:set package 'tram_vehicle_msgs' build argument 'catkin_cmake_args' from command line to 'None'
[0.481s] Level 5:colcon.colcon_core.verb:set package 'tram_vehicle_msgs' build argument 'catkin_skip_building_tests' from command line to 'False'
[0.481s] DEBUG:colcon.colcon_core.verb:Building package 'tram_vehicle_msgs' with the following arguments: {'ament_cmake_args': None, 'build_base': '/home/w6228/tram_ws/build/tram_vehicle_msgs', 'catkin_cmake_args': None, 'catkin_skip_building_tests': False, 'cmake_args': None, 'cmake_clean_cache': False, 'cmake_clean_first': False, 'cmake_force_configure': False, 'cmake_target': None, 'cmake_target_skip_unavailable': False, 'install_base': '/home/w6228/tram_ws/install/tram_vehicle_msgs', 'merge_install': False, 'path': '/home/w6228/tram_ws/src/tram_vehicle_msgs', 'symlink_install': False, 'test_result_base': None}
[0.482s] Level 5:colcon.colcon_core.verb:set package 'tram_reserve_odometry' build argument 'cmake_args' from command line to 'None'
[0.482s] Level 5:colcon.colcon_core.verb:set package 'tram_reserve_odometry' build argument 'cmake_target' from command line to 'None'
[0.482s] Level 5:colcon.colcon_core.verb:set package 'tram_reserve_odometry' build argument 'cmake_target_skip_unavailable' from command line to 'False'
[0.482s] Level 5:colcon.colcon_core.verb:set package 'tram_reserve_odometry' build argument 'cmake_clean_cache' from command line to 'False'
[0.482s] Level 5:colcon.colcon_core.verb:set package 'tram_reserve_odometry' build argument 'cmake_clean_first' from command line to 'False'
[0.482s] Level 5:colcon.colcon_core.verb:set package 'tram_reserve_odometry' build argument 'cmake_force_configure' from command line to 'False'
[0.482s] Level 5:colcon.colcon_core.verb:set package 'tram_reserve_odometry' build argument 'ament_cmake_args' from command line to 'None'
[0.482s] Level 5:colcon.colcon_core.verb:set package 'tram_reserve_odometry' build argument 'catkin_cmake_args' from command line to 'None'
[0.482s] Level 5:colcon.colcon_core.verb:set package 'tram_reserve_odometry' build argument 'catkin_skip_building_tests' from command line to 'False'
[0.482s] DEBUG:colcon.colcon_core.verb:Building package 'tram_reserve_odometry' with the following arguments: {'ament_cmake_args': None, 'build_base': '/home/w6228/tram_ws/build/tram_reserve_odometry', 'catkin_cmake_args': None, 'catkin_skip_building_tests': False, 'cmake_args': None, 'cmake_clean_cache': False, 'cmake_clean_first': False, 'cmake_force_configure': False, 'cmake_target': None, 'cmake_target_skip_unavailable': False, 'install_base': '/home/w6228/tram_ws/install/tram_reserve_odometry', 'merge_install': False, 'path': '/home/w6228/tram_ws/src/tram_reserve_odometry', 'symlink_install': False, 'test_result_base': None}
[0.482s] INFO:colcon.colcon_core.executor:Executing jobs using 'parallel' executor
[0.482s] DEBUG:colcon.colcon_parallel_executor.executor.parallel:run_until_complete
[0.483s] INFO:colcon.colcon_ros.task.ament_cmake.build:Building ROS package in '/home/w6228/tram_ws/src/tram_vehicle_msgs' with build type 'ament_cmake'
[0.483s] INFO:colcon.colcon_cmake.task.cmake.build:Building CMake package in '/home/w6228/tram_ws/src/tram_vehicle_msgs'
[0.485s] INFO:colcon.colcon_core.plugin_system:Skipping extension 'colcon_core.shell.bat': Not used on non-Windows systems
[0.485s] INFO:colcon.colcon_core.shell:Skip shell extension 'powershell' for command environment: Not usable outside of PowerShell
[0.485s] DEBUG:colcon.colcon_core.shell:Skip shell extension 'dsv' for command environment
[0.494s] DEBUG:colcon.colcon_core.event_handler.log_command:Invoking command in '/home/w6228/tram_ws/build/tram_vehicle_msgs': CMAKE_PREFIX_PATH=${CMAKE_PREFIX_PATH}:/home/w6228/tram_ws/install/tram_reserve_odometry:/opt/ros/humble /usr/bin/cmake --build /home/w6228/tram_ws/build/tram_vehicle_msgs -- -j14 -l14
[0.761s] DEBUG:colcon.colcon_core.event_handler.log_command:Invoked command in '/home/w6228/tram_ws/build/tram_vehicle_msgs' returned '0': CMAKE_PREFIX_PATH=${CMAKE_PREFIX_PATH}:/home/w6228/tram_ws/install/tram_reserve_odometry:/opt/ros/humble /usr/bin/cmake --build /home/w6228/tram_ws/build/tram_vehicle_msgs -- -j14 -l14
[0.768s] DEBUG:colcon.colcon_core.event_handler.log_command:Invoking command in '/home/w6228/tram_ws/build/tram_vehicle_msgs': CMAKE_PREFIX_PATH=${CMAKE_PREFIX_PATH}:/home/w6228/tram_ws/install/tram_reserve_odometry:/opt/ros/humble /usr/bin/cmake --install /home/w6228/tram_ws/build/tram_vehicle_msgs
[0.805s] Level 1:colcon.colcon_core.environment:create_environment_scripts_only(tram_vehicle_msgs)
[0.806s] DEBUG:colcon.colcon_core.event_handler.log_command:Invoked command in '/home/w6228/tram_ws/build/tram_vehicle_msgs' returned '0': CMAKE_PREFIX_PATH=${CMAKE_PREFIX_PATH}:/home/w6228/tram_ws/install/tram_reserve_odometry:/opt/ros/humble /usr/bin/cmake --install /home/w6228/tram_ws/build/tram_vehicle_msgs
[0.809s] Level 1:colcon.colcon_core.environment:checking '/home/w6228/tram_ws/install/tram_vehicle_msgs' for CMake module files
[0.809s] Level 1:colcon.colcon_core.environment:checking '/home/w6228/tram_ws/install/tram_vehicle_msgs' for CMake config files
[0.809s] Level 1:colcon.colcon_core.shell:create_environment_hook('tram_vehicle_msgs', 'cmake_prefix_path')
[0.809s] INFO:colcon.colcon_core.shell:Creating environment hook '/home/w6228/tram_ws/install/tram_vehicle_msgs/share/tram_vehicle_msgs/hook/cmake_prefix_path.ps1'
[0.810s] INFO:colcon.colcon_core.shell:Creating environment descriptor '/home/w6228/tram_ws/install/tram_vehicle_msgs/share/tram_vehicle_msgs/hook/cmake_prefix_path.dsv'
[0.810s] INFO:colcon.colcon_core.shell:Creating environment hook '/home/w6228/tram_ws/install/tram_vehicle_msgs/share/tram_vehicle_msgs/hook/cmake_prefix_path.sh'
[0.811s] Level 1:colcon.colcon_core.environment:checking '/home/w6228/tram_ws/install/tram_vehicle_msgs/lib'
[0.811s] Level 1:colcon.colcon_core.shell:create_environment_hook('tram_vehicle_msgs', 'ld_library_path_lib')
[0.811s] INFO:colcon.colcon_core.shell:Creating environment hook '/home/w6228/tram_ws/install/tram_vehicle_msgs/share/tram_vehicle_msgs/hook/ld_library_path_lib.ps1'
[0.812s] INFO:colcon.colcon_core.shell:Creating environment descriptor '/home/w6228/tram_ws/install/tram_vehicle_msgs/share/tram_vehicle_msgs/hook/ld_library_path_lib.dsv'
[0.812s] INFO:colcon.colcon_core.shell:Creating environment hook '/home/w6228/tram_ws/install/tram_vehicle_msgs/share/tram_vehicle_msgs/hook/ld_library_path_lib.sh'
[0.812s] Level 1:colcon.colcon_core.environment:checking '/home/w6228/tram_ws/install/tram_vehicle_msgs/bin'
[0.812s] Level 1:colcon.colcon_core.environment:checking '/home/w6228/tram_ws/install/tram_vehicle_msgs/lib/pkgconfig/tram_vehicle_msgs.pc'
[0.812s] Level 1:colcon.colcon_core.environment:checking '/home/w6228/tram_ws/install/tram_vehicle_msgs/lib/python3.10/site-packages'
[0.812s] Level 1:colcon.colcon_core.environment:checking '/home/w6228/tram_ws/install/tram_vehicle_msgs/bin'
[0.812s] INFO:colcon.colcon_core.shell:Creating package script '/home/w6228/tram_ws/install/tram_vehicle_msgs/share/tram_vehicle_msgs/package.ps1'
[0.813s] INFO:colcon.colcon_core.shell:Creating package descriptor '/home/w6228/tram_ws/install/tram_vehicle_msgs/share/tram_vehicle_msgs/package.dsv'
[0.814s] INFO:colcon.colcon_core.shell:Creating package script '/home/w6228/tram_ws/install/tram_vehicle_msgs/share/tram_vehicle_msgs/package.sh'
[0.814s] INFO:colcon.colcon_core.shell:Creating package script '/home/w6228/tram_ws/install/tram_vehicle_msgs/share/tram_vehicle_msgs/package.bash'
[0.815s] INFO:colcon.colcon_core.shell:Creating package script '/home/w6228/tram_ws/install/tram_vehicle_msgs/share/tram_vehicle_msgs/package.zsh'
[0.815s] Level 1:colcon.colcon_core.environment:create_file_with_runtime_dependencies(/home/w6228/tram_ws/install/tram_vehicle_msgs/share/colcon-core/packages/tram_vehicle_msgs)
[0.816s] Level 1:colcon.colcon_core.environment:create_environment_scripts_only(tram_vehicle_msgs)
[0.816s] Level 1:colcon.colcon_core.environment:checking '/home/w6228/tram_ws/install/tram_vehicle_msgs' for CMake module files
[0.816s] Level 1:colcon.colcon_core.environment:checking '/home/w6228/tram_ws/install/tram_vehicle_msgs' for CMake config files
[0.817s] Level 1:colcon.colcon_core.shell:create_environment_hook('tram_vehicle_msgs', 'cmake_prefix_path')
[0.817s] INFO:colcon.colcon_core.shell:Creating environment hook '/home/w6228/tram_ws/install/tram_vehicle_msgs/share/tram_vehicle_msgs/hook/cmake_prefix_path.ps1'
[0.817s] INFO:colcon.colcon_core.shell:Creating environment descriptor '/home/w6228/tram_ws/install/tram_vehicle_msgs/share/tram_vehicle_msgs/hook/cmake_prefix_path.dsv'
[0.817s] INFO:colcon.colcon_core.shell:Creating environment hook '/home/w6228/tram_ws/install/tram_vehicle_msgs/share/tram_vehicle_msgs/hook/cmake_prefix_path.sh'
[0.818s] Level 1:colcon.colcon_core.environment:checking '/home/w6228/tram_ws/install/tram_vehicle_msgs/lib'
[0.818s] Level 1:colcon.colcon_core.shell:create_environment_hook('tram_vehicle_msgs', 'ld_library_path_lib')
[0.818s] INFO:colcon.colcon_core.shell:Creating environment hook '/home/w6228/tram_ws/install/tram_vehicle_msgs/share/tram_vehicle_msgs/hook/ld_library_path_lib.ps1'
[0.818s] INFO:colcon.colcon_core.shell:Creating environment descriptor '/home/w6228/tram_ws/install/tram_vehicle_msgs/share/tram_vehicle_msgs/hook/ld_library_path_lib.dsv'
[0.818s] INFO:colcon.colcon_core.shell:Creating environment hook '/home/w6228/tram_ws/install/tram_vehicle_msgs/share/tram_vehicle_msgs/hook/ld_library_path_lib.sh'
[0.818s] Level 1:colcon.colcon_core.environment:checking '/home/w6228/tram_ws/install/tram_vehicle_msgs/bin'
[0.819s] Level 1:colcon.colcon_core.environment:checking '/home/w6228/tram_ws/install/tram_vehicle_msgs/lib/pkgconfig/tram_vehicle_msgs.pc'
[0.819s] Level 1:colcon.colcon_core.environment:checking '/home/w6228/tram_ws/install/tram_vehicle_msgs/lib/python3.10/site-packages'
[0.819s] Level 1:colcon.colcon_core.environment:checking '/home/w6228/tram_ws/install/tram_vehicle_msgs/bin'
[0.819s] INFO:colcon.colcon_core.shell:Creating package script '/home/w6228/tram_ws/install/tram_vehicle_msgs/share/tram_vehicle_msgs/package.ps1'
[0.819s] INFO:colcon.colcon_core.shell:Creating package descriptor '/home/w6228/tram_ws/install/tram_vehicle_msgs/share/tram_vehicle_msgs/package.dsv'
[0.820s] INFO:colcon.colcon_core.shell:Creating package script '/home/w6228/tram_ws/install/tram_vehicle_msgs/share/tram_vehicle_msgs/package.sh'
[0.820s] INFO:colcon.colcon_core.shell:Creating package script '/home/w6228/tram_ws/install/tram_vehicle_msgs/share/tram_vehicle_msgs/package.bash'
[0.820s] INFO:colcon.colcon_core.shell:Creating package script '/home/w6228/tram_ws/install/tram_vehicle_msgs/share/tram_vehicle_msgs/package.zsh'
[0.820s] Level 1:colcon.colcon_core.environment:create_file_with_runtime_dependencies(/home/w6228/tram_ws/install/tram_vehicle_msgs/share/colcon-core/packages/tram_vehicle_msgs)
[0.821s] INFO:colcon.colcon_ros.task.ament_python.build:Building ROS package in '/home/w6228/tram_ws/src/tram_reserve_odometry' with build type 'ament_python'
[0.821s] Level 1:colcon.colcon_core.shell:create_environment_hook('tram_reserve_odometry', 'ament_prefix_path')
[0.821s] INFO:colcon.colcon_core.shell:Creating environment hook '/home/w6228/tram_ws/install/tram_reserve_odometry/share/tram_reserve_odometry/hook/ament_prefix_path.ps1'
[0.822s] INFO:colcon.colcon_core.shell:Creating environment descriptor '/home/w6228/tram_ws/install/tram_reserve_odometry/share/tram_reserve_odometry/hook/ament_prefix_path.dsv'
[0.822s] INFO:colcon.colcon_core.shell:Creating environment hook '/home/w6228/tram_ws/install/tram_reserve_odometry/share/tram_reserve_odometry/hook/ament_prefix_path.sh'
[0.822s] INFO:colcon.colcon_core.shell:Skip shell extension 'powershell' for command environment: Not usable outside of PowerShell
[0.822s] DEBUG:colcon.colcon_core.shell:Skip shell extension 'dsv' for command environment
[1.039s] INFO:colcon.colcon_core.task.python.build:Building Python package in '/home/w6228/tram_ws/src/tram_reserve_odometry'
[1.039s] INFO:colcon.colcon_core.shell:Skip shell extension 'powershell' for command environment: Not usable outside of PowerShell
[1.039s] DEBUG:colcon.colcon_core.shell:Skip shell extension 'dsv' for command environment
[1.376s] DEBUG:colcon.colcon_core.task.python.build:Available setuptools commands: register, update_catalog, egg_info, build_ext, bdist, bdist_egg, install_egg_info, install_lib, build_scripts, upload_docs, bdist_wheel, test, build_clib, bdist_rpm, develop, easy_install, rotate, check, install, saveopts, sdist, install_headers, bdist_dumb, init_catalog, build_py, clean, upload, build, extract_messages, install_data, symlink_data, alias, setopt, install_scripts, dist_info, compile_catalog
[1.378s] DEBUG:colcon.colcon_core.event_handler.log_command:Invoking command in '/home/w6228/tram_ws/src/tram_reserve_odometry': PYTHONPATH=/home/w6228/tram_ws/build/tram_reserve_odometry/prefix_override:/usr/lib/python3/dist-packages/colcon_core/task/python/colcon_distutils_commands:/home/w6228/tram_ws/install/tram_reserve_odometry/lib/python3.10/site-packages:${PYTHONPATH} /usr/bin/python3 -W ignore:setup.py install is deprecated -W ignore:easy_install command is deprecated setup.py egg_info --egg-base ../../build/tram_reserve_odometry build --build-base /home/w6228/tram_ws/build/tram_reserve_odometry/build install --record /home/w6228/tram_ws/build/tram_reserve_odometry/install.log --install-scripts $base/lib/tram_reserve_odometry --single-version-externally-managed install_data
[1.529s] Level 1:colcon.colcon_core.environment:checking '/home/w6228/tram_ws/install/tram_reserve_odometry' for CMake module files
[1.529s] DEBUG:colcon.colcon_core.event_handler.log_command:Invoked command in '/home/w6228/tram_ws/src/tram_reserve_odometry' returned '0': PYTHONPATH=/home/w6228/tram_ws/build/tram_reserve_odometry/prefix_override:/usr/lib/python3/dist-packages/colcon_core/task/python/colcon_distutils_commands:/home/w6228/tram_ws/install/tram_reserve_odometry/lib/python3.10/site-packages:${PYTHONPATH} /usr/bin/python3 -W ignore:setup.py install is deprecated -W ignore:easy_install command is deprecated setup.py egg_info --egg-base ../../build/tram_reserve_odometry build --build-base /home/w6228/tram_ws/build/tram_reserve_odometry/build install --record /home/w6228/tram_ws/build/tram_reserve_odometry/install.log --install-scripts $base/lib/tram_reserve_odometry --single-version-externally-managed install_data
[1.529s] Level 1:colcon.colcon_core.environment:checking '/home/w6228/tram_ws/install/tram_reserve_odometry' for CMake config files
[1.530s] Level 1:colcon.colcon_core.environment:checking '/home/w6228/tram_ws/install/tram_reserve_odometry/lib'
[1.530s] Level 1:colcon.colcon_core.environment:checking '/home/w6228/tram_ws/install/tram_reserve_odometry/bin'
[1.530s] Level 1:colcon.colcon_core.environment:checking '/home/w6228/tram_ws/install/tram_reserve_odometry/lib/pkgconfig/tram_reserve_odometry.pc'
[1.530s] Level 1:colcon.colcon_core.environment:checking '/home/w6228/tram_ws/install/tram_reserve_odometry/lib/python3.10/site-packages'
[1.530s] Level 1:colcon.colcon_core.shell:create_environment_hook('tram_reserve_odometry', 'pythonpath')
[1.530s] INFO:colcon.colcon_core.shell:Creating environment hook '/home/w6228/tram_ws/install/tram_reserve_odometry/share/tram_reserve_odometry/hook/pythonpath.ps1'
[1.531s] INFO:colcon.colcon_core.shell:Creating environment descriptor '/home/w6228/tram_ws/install/tram_reserve_odometry/share/tram_reserve_odometry/hook/pythonpath.dsv'
[1.531s] INFO:colcon.colcon_core.shell:Creating environment hook '/home/w6228/tram_ws/install/tram_reserve_odometry/share/tram_reserve_odometry/hook/pythonpath.sh'
[1.532s] Level 1:colcon.colcon_core.environment:checking '/home/w6228/tram_ws/install/tram_reserve_odometry/bin'
[1.532s] Level 1:colcon.colcon_core.environment:create_environment_scripts_only(tram_reserve_odometry)
[1.532s] INFO:colcon.colcon_core.shell:Creating package script '/home/w6228/tram_ws/install/tram_reserve_odometry/share/tram_reserve_odometry/package.ps1'
[1.532s] INFO:colcon.colcon_core.shell:Creating package descriptor '/home/w6228/tram_ws/install/tram_reserve_odometry/share/tram_reserve_odometry/package.dsv'
[1.532s] INFO:colcon.colcon_core.shell:Creating package script '/home/w6228/tram_ws/install/tram_reserve_odometry/share/tram_reserve_odometry/package.sh'
[1.533s] INFO:colcon.colcon_core.shell:Creating package script '/home/w6228/tram_ws/install/tram_reserve_odometry/share/tram_reserve_odometry/package.bash'
[1.533s] INFO:colcon.colcon_core.shell:Creating package script '/home/w6228/tram_ws/install/tram_reserve_odometry/share/tram_reserve_odometry/package.zsh'
[1.533s] Level 1:colcon.colcon_core.environment:create_file_with_runtime_dependencies(/home/w6228/tram_ws/install/tram_reserve_odometry/share/colcon-core/packages/tram_reserve_odometry)
[1.533s] DEBUG:colcon.colcon_parallel_executor.executor.parallel:closing loop
[1.533s] DEBUG:colcon.colcon_parallel_executor.executor.parallel:loop closed
[1.533s] DEBUG:colcon.colcon_parallel_executor.executor.parallel:run_until_complete finished with '0'
[1.533s] DEBUG:colcon.colcon_core.event_reactor:joining thread
[1.573s] INFO:colcon.colcon_core.plugin_system:Skipping extension 'colcon_notification.desktop_notification.notify_send': Could not find 'notify-send'
[1.573s] INFO:colcon.colcon_core.plugin_system:Skipping extension 'colcon_notification.desktop_notification.terminal_notifier': Not used on non-Darwin systems
[1.573s] INFO:colcon.colcon_core.plugin_system:Skipping extension 'colcon_notification.desktop_notification.win32': Not used on non-Windows systems
[1.573s] INFO:colcon.colcon_notification.desktop_notification:Sending desktop notification using 'notify2'
[1.573s] DEBUG:colcon.colcon_notification.desktop_notification.notify2:Failed to initialize notify2: org.freedesktop.DBus.Error.FileNotFound: Failed to connect to socket /run/user/1000/bus: No such file or directory
[1.574s] DEBUG:colcon.colcon_core.event_reactor:joined thread
[1.574s] INFO:colcon.colcon_core.shell:Creating prefix script '/home/w6228/tram_ws/install/local_setup.ps1'
[1.575s] INFO:colcon.colcon_core.shell:Creating prefix util module '/home/w6228/tram_ws/install/_local_setup_util_ps1.py'
[1.575s] INFO:colcon.colcon_core.shell:Creating prefix chain script '/home/w6228/tram_ws/install/setup.ps1'
[1.577s] INFO:colcon.colcon_core.shell:Creating prefix script '/home/w6228/tram_ws/install/local_setup.sh'
[1.577s] INFO:colcon.colcon_core.shell:Creating prefix util module '/home/w6228/tram_ws/install/_local_setup_util_sh.py'
[1.577s] INFO:colcon.colcon_core.shell:Creating prefix chain script '/home/w6228/tram_ws/install/setup.sh'
[1.578s] INFO:colcon.colcon_core.shell:Creating prefix script '/home/w6228/tram_ws/install/local_setup.bash'
[1.578s] INFO:colcon.colcon_core.shell:Creating prefix chain script '/home/w6228/tram_ws/install/setup.bash'
[1.579s] INFO:colcon.colcon_core.shell:Creating prefix script '/home/w6228/tram_ws/install/local_setup.zsh'
[1.579s] INFO:colcon.colcon_core.shell:Creating prefix chain script '/home/w6228/tram_ws/install/setup.zsh'
